"NOME_STRUT","DS_ATS","DS_ASST","COMUNE","PROV","LAT","LONG_","ID_struttura","original","ID_erogatore","check","n","ID_group"
"CENTRO I.R.C.C.S. ""S. MARIA NASCENTE""-POLIAMBULATORIO-1-AMBULATORIO PRINCIPALE-1 (POLIAMBULATORIO SPECIALISTICO - IRCCS SANTA MARIA NASCENTE - FOND. DON GNOCCHI)","ATS DELLA CITTA' METROPOLITANA DI MILANO","ASST SANTI PAOLO E CARLO","MILANO","MI",45.4733586,9.1272537,2892,"POLIAMBULATORIO SPECIALISTICO - IRCCS SANTA MARIA NASCENTE - FOND. DON GNOCCHI",1,TRUE,1,1
"SPEDALI CIVILI DI BRESCIA-POLIAMBULATORIO-1-AMBULATORIO PRINCIPALE-1 (PRES.POLIAMB.SPEDALI CIVILI BS)","ATS DI BRESCIA","ASST DEGLI SPEDALI CIVILI DI BRESCIA","BRESCIA","BS",45.5555629,10.2323381,2545,"PRES.POLIAMB.SPEDALI CIVILI BS",2,TRUE,1,1
"POLICLINICO ""SAN MATTEO""-POLIAMBULATORIO-1-AMBULATORIO PRINCIPALE-1 (IRCCS POLICLINICO S.MATTEO)","ATS DI PAVIA","ASST DI PAVIA","PAVIA","PV",45.19614,9.14897,2844,"IRCCS POLICLINICO S.MATTEO",3,TRUE,1,1
"OSPEDALE SAN PAOLO-POLIAMBULATORIO-1-AMBULATORIO PRINCIPALE-1 (POLIAMBULATORIO OSP. SAN PAOLO)","ATS DELLA CITTA' METROPOLITANA DI MILANO","ASST SANTI PAOLO E CARLO","MILANO","MI",45.4334686,9.1580283,3552,"POLIAMBULATORIO OSP. SAN PAOLO",4,TRUE,1,1
"OSPEDALE PAPA GIOVANNI XXIII-POLIAMBULATORIO-1-AMBULATORIO PRINCIPALE-1 (POLIAMBULATORIO OSPEDALE PAPA GIOVANNI XXIII)","ATS DI BERGAMO","ASST PAPA GIOVANNI XXIII","BERGAMO","BG",45.68814,9.63707999,3570,"POLIAMBULATORIO OSPEDALE PAPA GIOVANNI XXIII",5,TRUE,1,1
"STRUTTURA RICOVERO E CURA  DI SONDRIO-POLIAMBULATORIO-1-AMBULATORIO PRINCIPALE-1 (POLIAMBULATORIO OSP. SONDRIO)","ATS DELLA MONTAGNA","ASST DELLA VALTELLINA E DELL'ALTO LARIO","SONDRIO","SO",46.17035285,9.8940673,3201,"POLIAMBULATORIO OSP. SONDRIO",6,TRUE,1,1
"OSPEDALE DI RHO-POLIAMBULATORIO-1-AMBULATORIO PRINCIPALE-1 (POLIAMB.OSPEDALE RHO)","ATS DELLA CITTA' METROPOLITANA DI MILANO","ASST RHODENSE","RHO","MI",45.5332984,9.0325355,2604,"POLIAMB.OSPEDALE RHO",7,TRUE,1,1
"STABILIMENTO OSPEDALIERO DI LEGNANO-POLIAMBULATORIO DI MEDICINA SPORTIVA-1-AMBULATORIO DI MEDICINA SPORTIVA-1 (CENTRO FISIOLOGIA SPORTIVA)","ATS DELLA CITTA' METROPOLITANA DI MILANO","ASST OVEST MILANESE","LEGNANO","MI",45.58173,8.88889,2531,"CENTRO FISIOLOGIA SPORTIVA",12,TRUE,1,1
"OSPEDALE S. GERARDO DI MONZA-POLIAMBULATORIO-1-AMBULATORIO PRINCIPALE-1 (POLIAMBULATORIO OSPEDALE SAN GERARDO)","ATS DELLA BRIANZA","ASST DI MONZA","MONZA","MB",45.60047,9.25998,3423,"POLIAMBULATORIO OSPEDALE SAN GERARDO",13,TRUE,1,1
"OSPEDALE SAN LEOPOLDO MANDIC  MERATE-POLIAMBULATORIO-1-AMBULATORIO PRINCIPALE-1 (POLIAMBULATORIO OSP.DI MERATE)","ATS DELLA BRIANZA","ASST DI LECCO","MERATE","LC",45.6968439,9.42706712,3284,"POLIAMBULATORIO OSP.DI MERATE",14,TRUE,1,1
"ISTITUTO ORTOPEDICO GAETANO PINI-POLIAMBULATORIO-1-AMBULATORIO PRINCIPALE-1 (A.O. ISTITUTO ORTOPEDICO GAETANO PINI)","ATS DELLA CITTA' METROPOLITANA DI MILANO","ASST FATEBENEFRATELLI SACCO","MILANO","MI",45.4553198,9.1929863,3638,"A.O. ISTITUTO ORTOPEDICO GAETANO PINI",15,TRUE,1,1
"PRESIDIO OSPEDALIERO DI CREMONA-RIABILITAZIONE SPECIALISTICA-1-AMBULATORIO PRINCIPALE-1 (POLIAMB. A.O.IST.OSPIT.CREMONA)","ATS DELLA VAL PADANA","ASST DI CREMONA","CREMONA","CR",45.14241,10.01521,2994,"POLIAMB. A.O.IST.OSPIT.CREMONA",16,TRUE,1,1
"PRESIDIO OSPEDALIERO DI GARDONE V.T.-POLIAMBULATORIO-4 (POLIAMBULATORIO DI NAVE)","ATS DI BRESCIA","ASST DEGLI SPEDALI CIVILI DI BRESCIA","NAVE","BS",45.5840638,10.2790514,159,"POLIAMBULATORIO DI NAVE",21,TRUE,1,1
"OSPEDALE ""CADUTI BOLLATESI""-POLIAMBULATORIO-1-AMBULATORIO PRINCIPALE-1 (POLIAMB.OSPEDALE BOLLATE)","ATS DELLA CITTA' METROPOLITANA DI MILANO","ASST RHODENSE","BOLLATE","MI",45.54073131,9.11722333,2602,"POLIAMB.OSPEDALE BOLLATE",22,TRUE,1,1
"NUOVO OSPEDALE DI VIMERCATE-POLIAMBULATORIO-1-AMBULATORIO PRINCIPALE-1 (POLIAMBULATORIO OSP.VIMERCATE)","ATS DELLA BRIANZA","ASST DELLA BRIANZA","VIMERCATE","MB",45.60843468,9.35674286,3499,"POLIAMBULATORIO OSP.VIMERCATE",23,TRUE,1,1
"OSPEDALE CARLO MIRA - CASORATE PRIMO-POLIAMBULATORIO-1-AMBULATORIO PRINCIPALE-1 (POLIAMB. OSP CASORATE)","ATS DI PAVIA","ASST DI PAVIA","CASORATE PRIMO","PV",45.31227,9.01901,3229,"POLIAMB. OSP CASORATE",27,TRUE,1,1
"PO DI CHIARI (UNICO PO CON STAB ORZINUOVI E ROVATO)-POLIAMBULATORIO-1-AMBULATORIO PRINCIPALE-1 (POLIAMBULATORIO CHIARI)","ATS DI BRESCIA","ASST DELLA FRANCIACORTA","CHIARI","BS",45.53889,9.93431,2703,"POLIAMBULATORIO CHIARI",28,TRUE,1,1
"PRESIDIO OSPEDALE S. MARTA-POLIAMBULATORIO-1-AMBULATORIO PRINCIPALE-1 (POLIAMBULATORIO DI RIVOLTA D/A)","ATS DELLA VAL PADANA","ASST DI CREMA","RIVOLTA D'ADDA","CR",45.4683641,9.5132409,3225,"POLIAMBULATORIO DI RIVOLTA D/A",29,TRUE,1,1
"PRESIDIO OSPEDALIERO VITTORE BUZZI-POLIAMBULATORIO-1-AMBULATORIO PRINCIPALE-1 (OSPEDALE VITTORE BUZZI)","ATS DELLA CITTA' METROPOLITANA DI MILANO","ASST FATEBENEFRATELLI SACCO","MILANO","MI",45.4852051,9.1652523,3628,"OSPEDALE VITTORE BUZZI",30,TRUE,1,1
"AMBULATORI OSPEDALE DEI BAMBINI P.LE SPEDALI CIVILI 1","ATS DI BRESCIA","ASST DEGLI SPEDALI CIVILI DI BRESCIA","BRESCIA","BS",45.5555629,10.2323381,166,"AMBULATORI OSPEDALE DEI BAMBINI P.LE SPEDALI CIVILI 1",31,TRUE,1,1
"PRESIDIO DEL VERBANO (OSP CAUSA PIA LUVINI) CITTIGLIO-POLIAMBULATORIO-1-AMBULATORIO PRINCIPALE-1 (POLIAMBULATORIO OSPEDALE LUINO)","ATS DELL'INSUBRIA","ASST DEI SETTE LAGHI","LUINO","VA",45.9973738,8.7462549,2914,"POLIAMBULATORIO OSPEDALE LUINO",33,TRUE,1,1
"MULTIMEDICA-POLIAMBULATORIO-1-AMBULATORIO PRINCIPALE-1 (MULTIMEDICA S.P.A.)","ATS DELLA CITTA' METROPOLITANA DI MILANO","ASST NORD MILANO","SESTO SAN GIOVANNI","MI",45.53601892,9.21810774,2969,"MULTIMEDICA S.P.A.",35,TRUE,1,1
"ISTITUTO AUXOLOGICO ITALIANO - IRCCS SAN LUCA (STAB)-POLIAMBULATORIO-1-AMBULATORIO PRINCIPALE-1 (CENTRO AUXOLOGICO-OSP. S.LUCA)","ATS DELLA CITTA' METROPOLITANA DI MILANO","ASST SANTI PAOLO E CARLO","MILANO","MI",45.4725806,9.1455053,2891,"CENTRO AUXOLOGICO-OSP. S.LUCA",38,TRUE,1,1
"PRESIDIO OSPEDALIERO DI LODI-POLIAMBULATORIO-1-AMBULATORIO PRINCIPALE-1 (OSP. MAGGIORE LODI AMBUL.DIAGN)","ATS DELLA CITTA' METROPOLITANA DI MILANO","ASST DI LODI","LODI","LO",45.31551,9.51035,2838,"OSP. MAGGIORE LODI AMBUL.DIAGN",39,TRUE,1,1
"ISTITUTO FIGLIE DI SAN CAMILLO CASA DI CURA DI CREMONA-POLIAMBULATORIO-1-AMBULATORIO PRINCIPALE-1 (CASA DI CURA FIGLIE S.CAMILLO)","ATS DELLA VAL PADANA","ASST DI CREMONA","CREMONA","CR",45.14616,10.01295,3402,"CASA DI CURA FIGLIE S.CAMILLO",40,TRUE,1,1
"PRESIDIO OSPEDALIERO MACEDONIO MELLONI-POLIAMBULATORIO-1-AMBULATORIO PRINCIPALE-1 (PRESIDIO OSP. M.MELLONI)","ATS DELLA CITTA' METROPOLITANA DI MILANO","ASST FATEBENEFRATELLI SACCO","MILANO","MI",45.4664855,9.2190591,3636,"PRESIDIO OSP. M.MELLONI",41,TRUE,1,1
"PRESIDIO OSPEDALIERO ""OSPEDALE GENERALE PROVINCIALE"" DI SARONNO-POLIAMBULATORIO-1-AMBULATORIO PRINCIPALE-1 (POLIAMB. DIVIS.-P.O.SARONNO)","ATS DELL'INSUBRIA","ASST DELLA VALLE OLONA","SARONNO","VA",45.62906496,9.04045887,2982,"POLIAMB. DIVIS.-P.O.SARONNO",42,TRUE,1,1
"OSPEDALE ""SANTISSIMA TRINITÀ""-POLIAMBULATORIO-1-AMBULATORIO PRINCIPALE-1 (POLIAMBULATORIO OSP. ROMANO L.)","ATS DI BERGAMO","ASST DI BERGAMO OVEST","ROMANO DI LOMBARDIA","BG",45.51939,9.7517,3643,"POLIAMBULATORIO OSP. ROMANO L.",43,TRUE,1,1
"PRESIDIO SANT'ANNA-POLIAMBULATORIO-1-AMBULATORIO PRINCIPALE-1 (POLIAMBULATORIO SAN FERMO NUOVO OSPEDALE SANT'ANNA)","ATS DELL'INSUBRIA","ASST LARIANA","SAN FERMO DELLA BATTAGLIA","CO",45.80099,9.04381,3052,"POLIAMBULATORIO SAN FERMO NUOVO OSPEDALE SANT'ANNA",44,TRUE,1,1
"POLIAMB. - OSP. MANTOVA","ATS DELLA VAL PADANA","ASST DI MANTOVA","MANTOVA","MN",45.14478439,10.77436693,179,"POLIAMB. - OSP. MANTOVA",45,TRUE,1,1
"CLINICA POLISPECIALISTICA SAN CARLO-POLIAMBULATORIO-1-AMBULATORIO PRINCIPALE-1 (CLINICA POLISPECIALISTICA SAN CARLO SRL AMBULATORIO PADERNO)","ATS DELLA CITTA' METROPOLITANA DI MILANO","ASST RHODENSE","PADERNO DUGNANO","MI",45.57203,9.1557,3112,"CLINICA POLISPECIALISTICA SAN CARLO SRL AMBULATORIO PADERNO",46,TRUE,1,1
"POLIAMBULATORIO DI ZOGNO","ATS DI BERGAMO","ASST PAPA GIOVANNI XXIII","ZOGNO","BG",45.79148,9.65753,975,"POLIAMBULATORIO DI ZOGNO",47,TRUE,1,1
"OSPEDALE CIVILE VIGEVANO-POLIAMBULATORIO-1-AMBULATORIO PRINCIPALE-1 (POLIAMB. OSP. VIGEVANO)","ATS DI PAVIA","ASST DI PAVIA","VIGEVANO","PV",45.32136994,8.86499315,3451,"POLIAMB. OSP. VIGEVANO",48,TRUE,1,1
"PRESIDIO OSPEDALIERO DI MONTICHIARI-POLIAMBULATORIO-1-AMBULATORIO PRINCIPALE-1 (POLIAMBUL. P.O.MONTICHIARI)","ATS DI BRESCIA","ASST DEL GARDA","MONTICHIARI","BS",45.41061,10.40651,2544,"POLIAMBUL. P.O.MONTICHIARI",51,TRUE,1,1
"""OSPEDALE PIO XI""-POLIAMBULATORIO-1-AMBULATORIO PRINCIPALE-1 (POLIAMBULATORIO P.O. DESIO)","ATS DELLA BRIANZA","ASST DELLA BRIANZA","DESIO","MB",45.62730342,9.19792733,3348,"POLIAMBULATORIO P.O. DESIO",52,TRUE,1,1
"OSPEDALE CIVICO - CODOGNO-POLIAMBULATORIO-1-AMBULATORIO PRINCIPALE-1 (OSP. CIV. CODOGNO AMB. DIAGN.)","ATS DELLA CITTA' METROPOLITANA DI MILANO","ASST DI LODI","CODOGNO","LO",45.1597873,9.7116618,2836,"OSP. CIV. CODOGNO AMB. DIAGN.",53,TRUE,1,1
"PRESIDIO OSPEDALIERO DI CASTIGLIONE D/STIVIERE-POLIAMBULATORIO-1-AMBULATORIO PRINCIPALE-1 (POLIAMBULATORIO DI CASTIGLIONE D/S)","ATS DELLA VAL PADANA","ASST DI MANTOVA","CASTIGLIONE DELLE STIVIERE","MN",45.3890381,10.4926631,3400,"POLIAMBULATORIO DI CASTIGLIONE D/S",54,TRUE,1,1
"OSPEDALE CIVILE  DI VOLTA MANTOVANA-POLIAMBULATORIO-1-AMBULATORIO PRINCIPALE-1 (POLIAMBULATORIO OSP.CIV. VOLTA MANTOVANA)","ATS DELLA VAL PADANA","ASST DI MANTOVA","VOLTA MANTOVANA","MN",45.32354,10.656,3337,"POLIAMBULATORIO OSP.CIV. VOLTA MANTOVANA",57,TRUE,1,1
"OSPEDALE DI VALLE CAMONICA - STABILIMENTO DI EDOLO-POLIAMBULATORIO-1-AMBULATORIO PRINCIPALE-1 (POLIAMBULATORI OSP. DI EDOLO)","ATS DELLA MONTAGNA","ASST DELLA VALCAMONICA","EDOLO","BS",46.17849,10.33115,3275,"POLIAMBULATORI OSP. DI EDOLO",58,TRUE,1,1
"CASA DI CURA VILLA SAN GIUSEPPE-POLIAMBULATORIO-1-AMBULATORIO PRINCIPALE-1 (POLIAMBULATORIO CASA DI CURA VILLA S.GIUSEPPE)","ATS DELL'INSUBRIA","ASST LARIANA","ANZANO DEL PARCO","CO",45.7630101,9.2011667,3064,"POLIAMBULATORIO CASA DI CURA VILLA S.GIUSEPPE",60,TRUE,1,1
"OSPEDALE - SOMMA LOMBARDO-POLIAMBULATORIO-1-AMBULATORIO PRINCIPALE-1 (OSPEDALIERO A. BELLINI)","ATS DELL'INSUBRIA","ASST DELLA VALLE OLONA","SOMMA LOMBARDO","VA",45.6837755,8.7136894,3049,"OSPEDALIERO A. BELLINI",61,TRUE,1,1
"PO DI ROVATO (STAB DEL PO DI CHIARI)-POLIAMBULATORIO-1-AMBULATORIO PRINCIPALE-1 (POLIAMBULATORIO ROVATO)","ATS DI BRESCIA","ASST DELLA FRANCIACORTA","ROVATO","BS",45.565042,9.997406,2693,"POLIAMBULATORIO ROVATO",63,TRUE,1,1
"CENTRO MEDICO CONVENZIONATO S.R.L.","ATS DELL'INSUBRIA","ASST DELLA VALLE OLONA","GALLARATE","VA",45.65561,8.79328,789,"CENTRO MEDICO CONVENZIONATO",64,TRUE,1,1
"ISTITUTO CLINICO QUARENGHI S.R.L.-POLIAMBULATORIO-1-AMBULATORIO PRINCIPALE-1 (ISTITUTO CLINICO QUARENGHI SRL)","ATS DI BERGAMO","ASST PAPA GIOVANNI XXIII","SAN PELLEGRINO TERME","BG",45.836632,9.6631681,3187,"ISTITUTO CLINICO QUARENGHI SRL",67,TRUE,1,1
"HABILITA ISTITUTO CLINICO-OSPEDALE DI SARNICO-POLIAMBULATORIO-1-AMBULATORIO PRINCIPALE-1 (HABILITA ISTITUTO CLINICO OSPEDALE DI SARNICO)","ATS DI BERGAMO","ASST DI BERGAMO EST","SARNICO","BG",45.66881,9.95365,3257,"HABILITA ISTITUTO CLINICO OSPEDALE DI SARNICO",68,TRUE,1,1
"PO DI ISEO (UNICO PO CON STAB PALAZZOLO)-POLIAMBULATORIO-1 (POLIAMBULATORIO DI ISEO)","ATS DI BRESCIA","ASST DELLA FRANCIACORTA","ISEO","BS",45.66284,10.05144,169,"POLIAMBULATORIO DI ISEO",69,TRUE,1,1
"PRESIDIO DI CREMA-POLIAMBULATORIO-1-AMBULATORIO PRINCIPALE-1 (POLIAMBULATORIO DI CREMA)","ATS DELLA VAL PADANA","ASST DI CREMA","CREMA","CR",45.3545957,9.6804547,3222,"POLIAMBULATORIO DI CREMA",72,TRUE,1,1
"P.O. ""CITTA' DI S.GIOVANNI""-POLIAMBULATORIO-1-AMBULATORIO PRINCIPALE-1 (POLIAMBULATORIO OSPEDALE SESTO SAN GIOVANNI)","ATS DELLA CITTA' METROPOLITANA DI MILANO","ASST NORD MILANO","SESTO SAN GIOVANNI","MI",45.5366745,9.2252921,2675,"POLIAMBULATORIO OSPEDALE SESTO SAN GIOVANNI",73,TRUE,1,1
"OSPEDALE ""ROSSI"" - CASALPUSTERLENGO-POLIAMBULATORIO-1-AMBULATORIO PRINCIPALE-1 (OSP. CASALPUST. AMB. DIAGN.)","ATS DELLA CITTA' METROPOLITANA DI MILANO","ASST DI LODI","CASALPUSTERLENGO","LO",45.16924402,9.6502918,2839,"OSP. CASALPUST. AMB. DIAGN.",74,TRUE,1,1
"PRESIDIO OSPEDALIERO ""OSPEDALE DI CIRCOLO GALMARINI"" DI TRADATE-POLIAMBULATORIO-1-AMBULATORIO PRINCIPALE-1 (POLIAMB. DIVIS.-P.O.TRADATE)","ATS DELL'INSUBRIA","ASST DEI SETTE LAGHI","TRADATE","VA",45.72344,8.90082,2900,"POLIAMB. DIVIS.-P.O.TRADATE",76,TRUE,1,1
"PO DI VIZZOLO PREDABISSI - CASSANO D'ADDA (STAB DI VIZZOLO)-POLIAMBULATORIO-1-AMBULATORIO PRINCIPALE-1 (OSPEDALE PREDABISSI)","ATS DELLA CITTA' METROPOLITANA DI MILANO","ASST MELEGNANO E DELLA MARTESANA","VIZZOLO PREDABISSI","MI",45.35964,9.33984,2757,"OSPEDALE PREDABISSI",77,TRUE,1,1
"OSPEDALE  ""G.SALVINI""-POLIAMBULATORIO-1 (POLIAMB.OSPEDALE GARBAGNATE)","ATS DELLA CITTA' METROPOLITANA DI MILANO","ASST RHODENSE","GARBAGNATE MILANESE","MI",45.58117,9.09089,89,"POLIAMB.OSPEDALE GARBAGNATE",79,TRUE,1,1
"STRUTTURA RICOVERO E CURA DI MORBEGNO-POLIAMBULATORIO-1-AMBULATORIO PRINCIPALE-1 (POLIAMBULATORIO OSP. MORBEGNO)","ATS DELLA MONTAGNA","ASST DELLA VALTELLINA E DELL'ALTO LARIO","MORBEGNO","SO",46.13389,9.57433,3199,"POLIAMBULATORIO OSP. MORBEGNO",80,TRUE,1,1
"OSPEDALE - GALLARATE-PSICHIATRIA-1-CPS-2 (CPS SOMMA LOMBARDO)","ATS DELL'INSUBRIA","ASST DELLA VALLE OLONA","SOMMA LOMBARDO","VA",45.6835626,8.7156539,3513,"CPS SOMMA LOMBARDO",82,TRUE,1,1
"PRESIDIO OSPEDALE DEI BAMBINI-POLIAMBULATORIO-1-AMBULATORIO PRINCIPALE-1 (POLIAMBULATORIO PEDIATRICO VIA DEL MEDOLO -RONCHETTINO- OSPEDALE DEI BAMBINI)","ATS DI BRESCIA","ASST DEGLI SPEDALI CIVILI DI BRESCIA","BRESCIA","BS",45.54707,10.23013,2616,"POLIAMBULATORIO PEDIATRICO VIA DEL MEDOLO -RONCHETTINO- OSPEDALE DEI BAMBINI",84,TRUE,1,1
"SPEDALI CIVILI DI BRESCIA-RIABILITAZIONE SPECIALISTICA-1-AMBULATORIO PRINCIPALE-1 (AMBUL.RIABILITATIVO VIA NIKOLAJEWKA)","ATS DI BRESCIA","ASST DEGLI SPEDALI CIVILI DI BRESCIA","BRESCIA","BS",45.5641091,10.243057,2624,"AMBUL.RIABILITATIVO VIA NIKOLAJEWKA",85,TRUE,1,1
"STABILIMENTO OSPEDALIERO DI LEGNANO-POLIAMBULATORIO-2-AMBULATORIO PRINCIPALE-1 (OSPEDALE CIVILE)","ATS DELLA CITTA' METROPOLITANA DI MILANO","ASST OVEST MILANESE","LEGNANO","MI",45.58173,8.88889,2590,"OSPEDALE CIVILE",86,TRUE,1,1
"OSPEDALE DI SALO'  (STAB DEL PO DI GAVARDO)-POLIAMBULATORIO-1-AMBULATORIO PRINCIPALE-1 (AMBULATORIO  DI SALO)","ATS DI BRESCIA","ASST DEL GARDA","SALO'","BS",45.6051946,10.5221898,2770,"AMBULATORIO  DI SALO",87,TRUE,1,1
"POLICLINICO S. DONATO S.P.A.-POLIAMBULATORIO-1-AMBULATORIO PRINCIPALE-1 (I.R.C.C.S. POLICLINICO SAN DONATO)","ATS DELLA CITTA' METROPOLITANA DI MILANO","ASST MELEGNANO E DELLA MARTESANA","SAN DONATO MILANESE","MI",45.41258753,9.27532214,3032,"I.R.C.C.S. POLICLINICO SAN DONATO",89,TRUE,1,1
"PRESIDIO OSPEDALIERO ""OSPEDALE DI CIRCOLO"" DI BUSTO ARSIZIO-POLIAMBULATORIO-1-AMBULATORIO PRINCIPALE-1 (POLIAMB.DIV.BUSTO A.)","ATS DELL'INSUBRIA","ASST DELLA VALLE OLONA","BUSTO ARSIZIO","VA",45.62347809,8.84665176,2986,"POLIAMB.DIV.BUSTO A.",92,TRUE,1,1
"POLIAMBULATORIO TERRITORIALE LIMBIATE","ATS DELLA BRIANZA","ASST DELLA BRIANZA","LIMBIATE","MB",45.61114,9.12435,966,"POLIAMBULATORIO TERRITORIALE LIMBIATE",95,TRUE,1,1
"PRESIDIO DI VARESE (OSP DI CIRCOLO VARESE)-POLIAMBULATORIO-1-AMBULATORIO PRINCIPALE-1 (POLIAMBULATORIO OSP. MACCHI-VA)","ATS DELL'INSUBRIA","ASST DEI SETTE LAGHI","VARESE","VA",45.808,8.83731,2901,"POLIAMBULATORIO OSP. MACCHI-VA",96,TRUE,1,1
"PO DI CERNUSCO SUL NAVIGLIO - VAPRIO D'ADDA (STAB DI CERNUSCO)-POLIAMBULATORIO-1-AMBULATORIO PRINCIPALE-1 (CAUSA PIA OSPITALIERA UBOLDO)","ATS DELLA CITTA' METROPOLITANA DI MILANO","ASST MELEGNANO E DELLA MARTESANA","CERNUSCO SUL NAVIGLIO","MI",45.5229535,9.3277763,2763,"CAUSA PIA OSPITALIERA UBOLDO",97,TRUE,1,1
"POLICLINICO DI MONZA DI VIA NIEVO","ATS DELLA BRIANZA","ASST DI MONZA","MONZA","MB",45.58409,9.27096,4579,"POLICLINICO DI MONZA DI VIA NIEVO",100,TRUE,1,1
"PRESIDIO FATEBENEFRATELLI E OFTALMICO-POLIAMBULATORIO-1-AMBULATORIO PRINCIPALE-1 (OSPEDALE F.B.F. E OFTALMICO)","ATS DELLA CITTA' METROPOLITANA DI MILANO","ASST FATEBENEFRATELLI SACCO","MILANO","MI",45.4793923,9.1920848,3630,"OSPEDALE F.B.F. E OFTALMICO",101,TRUE,1,1
"CENTRO DI RIABILITAZIONE E. SPALENZA - FONDAZIONE DON CARLO GNOCCHI ONLUS-POLIAMBULATORIO-1-AMBULATORIO PRINCIPALE-1 (CENTRO DI RIAB. E. SPALENZA - FOND. DON GNOCCHI)","ATS DI BRESCIA","ASST DELLA FRANCIACORTA","ROVATO","BS",45.565042,9.997406,3267,"CENTRO DI RIAB. E. SPALENZA - FOND. DON GNOCCHI",102,TRUE,1,1
"ARTEMEDICA POLISPECIALISTICO E FISIOTERAPICO","ATS DELLA CITTA' METROPOLITANA DI MILANO","ASST MELEGNANO E DELLA MARTESANA","VAPRIO D'ADDA","MI",45.57111,9.51548,700,"ARTEMEDICA POLISPECIALISTICO E FISIOTERAPICO",105,TRUE,1,1
"CENTRO MEDICO DI TRADATE-RIABILITAZIONE SPECIALISTICA-1-AMBULATORIO PRINCIPALE-1 (POLIAMBULATORI IRCCS TRADATE)","ATS DELL'INSUBRIA","ASST DEI SETTE LAGHI","TRADATE","VA",45.7197937,8.9110344,3115,"POLIAMBULATORI IRCCS TRADATE",111,TRUE,1,1
"CASA DI CURA PRIVATA ""POLICLINICO DI MONZA"" S.P.A.-POLIAMBULATORIO-1-AMBULATORIO PRINCIPALE-1 (POLIAMB. POLICLINICO MONZA)","ATS DELLA BRIANZA","ASST DI MONZA","MONZA","MB",45.58251,9.29445,3186,"POLIAMB. POLICLINICO MONZA",117,TRUE,1,1
"PRESIDIO OSPEDALIERO OGLIO PO-POLIAMBULATORIO-1-AMBULATORIO PRINCIPALE-1 (POL.OSP.OGLIO PO)","ATS DELLA VAL PADANA","ASST DI CREMONA","CASALMAGGIORE","CR",44.97422,10.45989,2781,"POL.OSP.OGLIO PO",118,TRUE,1,1
"OSPEDALE ASILO VITTORIA - MORTARA-POLIAMBULATORIO-1-AMBULATORIO PRINCIPALE-1 (POLIAMB. OSP. MORTARA)","ATS DI PAVIA","ASST DI PAVIA","MORTARA","PV",45.24668,8.7651,3444,"POLIAMB. OSP. MORTARA",122,TRUE,1,1
"PRESIDIO OSPEDALIERO DI MELZO-GORGONZOLA (STAB DI GORGONZOLA)-POLIAMBULATORIO-1-AMBULATORIO PRINCIPALE-1 (P.O. SERBELLONI)","ATS DELLA CITTA' METROPOLITANA DI MILANO","ASST MELEGNANO E DELLA MARTESANA","GORGONZOLA","MI",45.53461,9.41287,2828,"P.O. SERBELLONI",123,TRUE,1,1
"OSPEDALE DI VALLE CAMONICA - STABILIMENTO DI ESINE-POLIAMBULATORIO-1-AMBULATORIO PRINCIPALE-1 (POLIAMBULATORIO OSPEDALE ESINE)","ATS DELLA MONTAGNA","ASST DELLA VALCAMONICA","ESINE","BS",45.92715,10.24138,3277,"POLIAMBULATORIO OSPEDALE ESINE",124,TRUE,1,1
"PRESIDIO DEL VERBANO (OSP LUINI CONFALONIERI) LUINO-POLIAMBULATORIO-1-AMBULATORIO PRINCIPALE-1 (POLIAMBULATORIO OSP.CITTIGLIO)","ATS DELL'INSUBRIA","ASST DEI SETTE LAGHI","CITTIGLIO","VA",45.89456,8.66754,2907,"POLIAMBULATORIO OSP.CITTIGLIO",127,TRUE,1,1
"PRESIDIO OSPEDALIERO ""BOLOGNINI"" - SERIATE-POLIAMBULATORIO-1-AMBULATORIO PRINCIPALE-1 (POLIAMBULATORIO OSP.BOLOGNINI)","ATS DI BERGAMO","ASST DI BERGAMO EST","SERIATE","BG",45.6833153,9.71663598,3651,"POLIAMBULATORIO OSP.BOLOGNINI",128,TRUE,1,1
"ISTITUTO CLINICO CITTÀ STUDI SPA-POLIAMBULATORIO-1-AMBULATORIO PRINCIPALE-1 (ISTITUTO CLINICO CITTA' STUDI SPA)","ATS DELLA CITTA' METROPOLITANA DI MILANO","ASST FATEBENEFRATELLI SACCO","MILANO","MI",45.4848022,9.2247673,2961,"ISTITUTO CLINICO CITTA' STUDI SPA",129,TRUE,1,1
"PRESIDIO OSPEDALIERO DI GARDONE V.T.-POLIAMBULATORIO-1 (POLIAMBUL. - P.O.GARDONE V/T)","ATS DI BRESCIA","ASST DEGLI SPEDALI CIVILI DI BRESCIA","GARDONE VAL TROMPIA","BS",45.6765932,10.1838145,158,"POLIAMBUL. - P.O.GARDONE V/T",130,TRUE,1,1
"CENTRO RADIOLOGICO POLISPECIALISTICO DEI LAGHI","ATS DELL'INSUBRIA","ASST DEI SETTE LAGHI","COMABBIO","VA",45.764406,8.6772799,797,"CENTRO RADIOLOGICO POLISPECIALISTICO DEI LAGHI",134,TRUE,1,1
"CASA DI CURA SAN GIOVANNI-POLIAMBULATORIO-1-AMBULATORIO PRINCIPALE-1 (CASA DI CURA S. GIOVANNI SRL)","ATS DELLA CITTA' METROPOLITANA DI MILANO","ASST SANTI PAOLO E CARLO","MILANO","MI",45.4746496,9.1290656,3038,"CASA DI CURA S. GIOVANNI SRL",135,TRUE,1,1
"P.O. ""TRABATTONI RONZONI"" DI SEREGNO-POLIAMBULATORIO-1-AMBULATORIO PRINCIPALE-1 (OSPED. TRABATTONI RONZONI)","ATS DELLA BRIANZA","ASST DELLA BRIANZA","SEREGNO","MB",45.65374,9.20494,3503,"OSPED. TRABATTONI RONZONI",137,TRUE,1,1
"PRESIDIO OSPEDALIERO  ""BRIOLINI"" - GAZZANIGA-POLIAMBULATORIO-1-AMBULATORIO PRINCIPALE-1 (POLIAMBULATORIO OSP.BRIOLINI)","ATS DI BERGAMO","ASST DI BERGAMO EST","GAZZANIGA","BG",45.7967472,9.8346835,2532,"POLIAMBULATORIO OSP.BRIOLINI",139,TRUE,1,1
"ISTITUTO CLINICO HUMANITAS-POLIAMBULATORIO-1-AMBULATORIO PRINCIPALE-1 (IST. CLINICO HUMANITAS)","ATS DELLA CITTA' METROPOLITANA DI MILANO","ASST MELEGNANO E DELLA MARTESANA","ROZZANO","MI",45.37205786,9.16748121,3031,"IST. CLINICO HUMANITAS",140,TRUE,1,1
"P.O. "" C. BORELLA"" DI GIUSSANO-POLIAMBULATORIO-1-AMBULATORIO PRINCIPALE-1 (OSPEDALE C.BORELLA)","ATS DELLA BRIANZA","ASST DELLA BRIANZA","GIUSSANO","MB",45.69133,9.20663,3501,"OSPEDALE C.BORELLA",142,TRUE,1,1
"POLIAMBULATORIO VIA DON ORIONE","ATS DELLA CITTA' METROPOLITANA DI MILANO","ASST FATEBENEFRATELLI SACCO","MILANO","MI",45.5013169,9.2375408,1038,"POLIAMBULATORIO VIA DON ORIONE",143,TRUE,1,1
"PRESIDIO OSPEDALIERO S.CARLO BORROMEO-PSICHIATRIA-1-CPS-1 (CPS VIA SODERINI AREA NORD)","ATS DELLA CITTA' METROPOLITANA DI MILANO","ASST SANTI PAOLO E CARLO","MILANO","MI",45.4565425,9.143088,3566,"CPS VIA SODERINI AREA NORD",144,TRUE,1,1
"POLIAMBULATORIO DI SONCINO","ATS DELLA VAL PADANA","ASST DI CREMA","SONCINO","CR",45.40008,9.87584,1108,"POLIAMBULATORIO DI SONCINO",147,TRUE,1,1
"CENTRO MEDICO DI PAVIA-POLIAMBULATORIO-1-AMBULATORIO PRINCIPALE-1 (POLIAMB. IRCCS MAUGERI)","ATS DI PAVIA","ASST DI PAVIA","PAVIA","PV",45.2035,9.14266,3411,"POLIAMB. IRCCS MAUGERI",148,TRUE,1,1
"OSPEDALE CIVILE DI VOGHERA-PSICHIATRIA-1-AMBULATORIO PRINCIPALE-1 (C.P.S. STRADELLA - CASTEGGIO)","ATS DI PAVIA","ASST DI PAVIA","STRADELLA","PV",45.07728,9.28749,3455,"C.P.S. STRADELLA - CASTEGGIO",150,TRUE,1,1
"STRUTTURA RICOVERO E CURA DI CHIAVENNA-POLIAMBULATORIO-1-AMBULATORIO PRINCIPALE-1 (POLIAMBULATORIO OSP. CHIAVENNA)","ATS DELLA MONTAGNA","ASST DELLA VALTELLINA E DELL'ALTO LARIO","CHIAVENNA","SO",46.3214066,9.3991661,3200,"POLIAMBULATORIO OSP. CHIAVENNA",153,TRUE,1,1
"POLIAMBULATORIO DI CASTELLEONE","ATS DELLA VAL PADANA","ASST DI CREMA","CASTELLEONE","CR",45.29034768,9.76475263,1109,"POLIAMBULATORIO DI CASTELLEONE",155,TRUE,1,1
"PO DI ORZINUOVI (STAB DEL PO DI CHIARI)-POLIAMBULATORIO-1-AMBULATORIO PRINCIPALE-1 (POLIAMBULATORIO DI ORZINUOVI)","ATS DI BRESCIA","ASST DELLA FRANCIACORTA","ORZINUOVI","BS",45.4027858,9.9267011,2764,"POLIAMBULATORIO DI ORZINUOVI",157,TRUE,1,1
"OSPEDALE VILLA DEI COLLI DI LONATO  (STAB DEL PO DI DESENZANO)-RIABILITAZIONE SPECIALISTICA-1-AMBULATORIO PRINCIPALE-1 (POLIAMBULATORI DI LONATO TRASF TEMPORANEO C/O PREVALLE DAL 14/12/2020)","ATS DI BRESCIA","ASST DEL GARDA","PREVALLE","BS",45.54131,10.41519,2767,"POLIAMBULATORI DI LONATO",158,TRUE,1,1
"PO ASOLA E BOZZOLO (STAB ASOLA)-POLIAMBULATORIO-1-AMBULATORIO PRINCIPALE-1 (POLIAMBULATORIO - OSP.ASOLA)","ATS DELLA VAL PADANA","ASST DI MANTOVA","ASOLA","MN",45.2237223,10.4120074,3219,"POLIAMBULATORIO - OSP.ASOLA",160,TRUE,1,1
"UNICO PRESIDIO CANTÙ - MARIANO (STAB DI MARIANO COMENSE)-POLIAMBULATORIO-1-AMBULATORIO PRINCIPALE-1 (POLIAMBUL.OSP.MARIANO COMENSE)","ATS DELL'INSUBRIA","ASST LARIANA","MARIANO COMENSE","CO",45.6911,9.18546,3124,"POLIAMBUL.OSP.MARIANO COMENSE",161,TRUE,1,1
"UNICO PRESIDIO CANTÙ - MARIANO (STAB DI CANTÙ)-POLIAMBULATORIO-1-AMBULATORIO PRINCIPALE-1 (POLIAMB. OSPEDALE CANTU')","ATS DELL'INSUBRIA","ASST LARIANA","CANTU'","CO",45.73554,9.14464,3062,"POLIAMB. OSPEDALE CANTU'",163,TRUE,1,1
"PRESIDIO ALESSANDRO MANZONI DI LECCO-POLIAMBULATORIO-1-AMBULATORIO PRINCIPALE-1 (POLIAMBULATORIO OSP.DI LECCO)","ATS DELLA BRIANZA","ASST DI LECCO","LECCO","LC",45.85216,9.41399,3341,"POLIAMBULATORIO OSP.DI LECCO",168,TRUE,1,1
"OSPEDALE DI DESENZANO DEL GARDA (UNICO PO CON STAB LONATO)-POLIAMBULATORIO-1-AMBULATORIO PRINCIPALE-1 (AMBULATORIO DI DESENZANO D/G)","ATS DI BRESCIA","ASST DEL GARDA","DESENZANO DEL GARDA","BS",45.470119,10.522257,2771,"AMBULATORIO DI DESENZANO D/G",176,TRUE,1,1
"OSPEDALE DI LISSONE-POLIAMBULATORIO-1-AMBULATORIO PRINCIPALE-1 (POLIAMBULATORIO LISSONE)","ATS DELLA BRIANZA","ASST DELLA BRIANZA","LISSONE","MB",45.62059,9.23732,3500,"POLIAMBULATORIO LISSONE",177,TRUE,1,1
"OSPEDALE - GALLARATE-PSICHIATRIA-1-CPS-1 (CPS GALLARATE)","ATS DELL'INSUBRIA","ASST DELLA VALLE OLONA","GALLARATE","VA",45.65278,8.79856,2985,"CPS GALLARATE",180,TRUE,1,1
"OSPEDALE TREVIGLIO CARAVAGGIO-POLIAMBULATORIO-1-AMBULATORIO PRINCIPALE-1 (POLIAMBULATORIO OSP.TREVIGLIO)","ATS DI BERGAMO","ASST DI BERGAMO OVEST","TREVIGLIO","BG",45.5101522,9.61005346,3145,"POLIAMBULATORIO OSP.TREVIGLIO",183,TRUE,1,1
"OSPEDALE CIVILE - SAN GIOVANNI BIANCO-POLIAMBULATORIO-1-AMBULATORIO PRINCIPALE-1 (POLIAMBULATORIO OSPEDALE SAN GIOVANNI BIANCO)","ATS DI BERGAMO","ASST PAPA GIOVANNI XXIII","SAN GIOVANNI BIANCO","BG",45.87109345,9.65391739,3586,"POLIAMBULATORIO OSPEDALE SAN GIOVANNI BIANCO",184,TRUE,1,1
"PRESIDIO OSPEDALIERO ""PESENTI-FENAROLI"" - ALZANO LOMBARDO-POLIAMBULATORIO-1-AMBULATORIO PRINCIPALE-1 (POLIAMB. OSP.PESENTI-FENAROLI)","ATS DI BERGAMO","ASST DI BERGAMO EST","ALZANO LOMBARDO","BG",45.7309492,9.7259053,3658,"POLIAMB. OSP.PESENTI-FENAROLI",186,TRUE,1,1
"MEDITEL CENTRO MEDICO POLISPEC.","ATS DELL'INSUBRIA","ASST DELLA VALLE OLONA","SARONNO","VA",45.631087,9.030078,10,"MEDITEL CENTRO MEDICO POLISPEC.",188,TRUE,1,1
"CASA DI CURA S MARIA-POLIAMBULATORIO-1-AMBULATORIO PRINCIPALE-1 (MULTIMEDICA SPA - OSPEDALE MULTIMEDICA DI CASTELLANZA)","ATS DELL'INSUBRIA","ASST DELLA VALLE OLONA","CASTELLANZA","VA",45.59953,8.87236,3118,"MULTIMEDICA SPA - OSPEDALE MULTIMEDICA DI CASTELLANZA",190,TRUE,1,1
"CASA DI CURA SAN PIO X-POLIAMBULATORIO-1-AMBULATORIO PRINCIPALE-1 (CASA DI CURA S. PIO X)","ATS DELLA CITTA' METROPOLITANA DI MILANO","ASST GRANDE OSPEDALE METROPOLITANO NIGUARDA","MILANO","MI",45.4951116,9.1895606,3037,"CASA DI CURA S. PIO X",191,TRUE,1,1
"IRCCS OSPEDALE CAPITANIO-POLIAMBULATORIO-1-AMBULATORIO PRINCIPALE-1 (POLIAMBULATORIO IRCCS OSPEDALE CAPITANIO)","ATS DELLA CITTA' METROPOLITANA DI MILANO","ASST FATEBENEFRATELLI SACCO","MILANO","MI",45.45532,9.19052,3039,"POLIAMBULATORIO IRCCS OSPEDALE CAPITANIO",192,TRUE,1,1
"CASA DI CURA B. L. PALAZZOLO - FONDAZIONE DON CARLO GNOCCHI ONLUS-POLIAMBULATORIO-1-AMBULATORIO PRINCIPALE-1 (IST. PALAZZOLO - POLIAMBULAT.)","ATS DELLA CITTA' METROPOLITANA DI MILANO","ASST SANTI PAOLO E CARLO","MILANO","MI",45.4894283,9.1444404,2897,"IST. PALAZZOLO - POLIAMBULAT.",193,TRUE,1,1
"OSPEDALE ""SANTISSIMA TRINITÀ""-PSICHIATRIA-1-CPS-1 (CPS - DI TREVIGLIO)","ATS DI BERGAMO","ASST DI BERGAMO OVEST","TREVIGLIO","BG",45.5204275,9.5908991,3647,"CPS - DI TREVIGLIO",195,TRUE,1,1
"CRAGIF SRL","ATS DELLA CITTA' METROPOLITANA DI MILANO","ASST RHODENSE","TREZZANO SUL NAVIGLIO","MI",45.4248654,9.0662115,701,"CRAGIF SRL",196,TRUE,1,1
"PRESIDIO OSPEDALIERO DI MELZO-GORGONZOLA (STAB DI MELZO)-POLIAMBULATORIO-1-AMBULATORIO PRINCIPALE-1 (P.O. S.MARIA D.STELLE)","ATS DELLA CITTA' METROPOLITANA DI MILANO","ASST MELEGNANO E DELLA MARTESANA","MELZO","MI",45.50851,9.4281,2829,"P.O. S.MARIA D.STELLE",198,TRUE,1,1
"OSPEDALE DI SALO'  (STAB DEL PO DI GAVARDO)-PSICHIATRIA-1-CPS-2 (CPS LONATO)","ATS DI BRESCIA","ASST DEL GARDA","LONATO DEL GARDA","BS",45.4569502,10.497972,2772,"CPS LONATO",199,TRUE,1,1
"PO ASOLA E BOZZOLO (STAB BOZZOLO)-POLIAMBULATORIO-1-AMBULATORIO PRINCIPALE-1 (POLIAMBULATORIO - BOZZOLO)","ATS DELLA VAL PADANA","ASST DI CREMONA","BOZZOLO","MN",45.1015673,10.4786714,3220,"POLIAMBULATORIO - BOZZOLO",202,TRUE,1,1
"OSPEDALE SACRA FAMIGLIA FATEBENEFRATELLI - ERBA-POLIAMBULATORIO-1-AMBULATORIO PRINCIPALE-1 (OSPED. F.B.F. SACRA FAMIGLIA)","ATS DELL'INSUBRIA","ASST LARIANA","ERBA","CO",45.8167492,9.2256732,3119,"OSPED. F.B.F. SACRA FAMIGLIA",203,TRUE,1,1
"PRESIDIO DI VARESE (OSP DI CIRCOLO VARESE)-PSICHIATRIA-2-AMBULATORIO PRINCIPALE-1 (C.P.S. ARCISATE)","ATS DELL'INSUBRIA","ASST DEI SETTE LAGHI","ARCISATE","VA",45.85927,8.85711,2905,"C.P.S. ARCISATE",205,TRUE,1,1
"OSPEDALE LUIGI SACCO-POLIAMBULATORIO-1-AMBULATORIO PRINCIPALE-1 (OSPEDALE L. SACCO - MILANO)","ATS DELLA CITTA' METROPOLITANA DI MILANO","ASST FATEBENEFRATELLI SACCO","MILANO","MI",45.5175295,9.1201895,3626,"OSPEDALE L. SACCO - MILANO",207,TRUE,1,1
"OSPEDALE DI MANERBIO (UNICO PO CON STAB LENO)-POLIAMBULATORIO-1-AMBULATORIO PRINCIPALE-1 (AMBULATORIO OSP. DI MANERBIO)","ATS DI BRESCIA","ASST DEL GARDA","MANERBIO","BS",45.3568828,10.1433666,2766,"AMBULATORIO OSP. DI MANERBIO",209,TRUE,1,1
"PRESIDIO OSPEDALIERO ""PESENTI-FENAROLI"" - ALZANO LOMBARDO-PSICHIATRIA-1-CPS-3 (C.P.S. - TRESCORE B.)","ATS DI BERGAMO","ASST DI BERGAMO EST","TRESCORE BALNEARIO","BG",45.6947798,9.8481292,7608,"C.P.S. - TRESCORE B.",210,TRUE,1,1
"PRESIDIO OSPEDALIERO ""M.O.A. LOCATELLI"" - PIARIO-POLIAMBULATORIO-1-AMBULATORIO PRINCIPALE-1 (POLIAMB. M.O.A. LOCATELLI)","ATS DI BERGAMO","ASST DI BERGAMO EST","PIARIO","BG",45.88469,9.91527999,3649,"POLIAMB. M.O.A. LOCATELLI",211,TRUE,1,1
"STABILIMENTO OSPEDALIERO DI LEGNANO-POLIAMBULATORIO-1-AMBULATORIO PRINCIPALE-1 (OSPED. S.S.BENEDETTO GELTRUDE)","ATS DELLA CITTA' METROPOLITANA DI MILANO","ASST OVEST MILANESE","CUGGIONO","MI",45.5097615,8.821516,2526,"OSPED. S.S.BENEDETTO GELTRUDE",213,TRUE,1,1
"PRESIDIO OSPEDALIERO DI CREMONA-POLIAMBULATORIO-1 (POLIAMBULATORIO SPECIALISTICO CON PUNTO PRELIEVI)","ATS DELLA VAL PADANA","ASST DI CREMONA","CREMONA","CR",45.14111,10.02329,177,"POLIAMBULATORIO SPECIALISTICO CON PUNTO PRELIEVI",215,TRUE,1,1
"OSPEDALE ERBA - RENALDI DI MENAGGIO-POLIAMBULATORIO-1-AMBULATORIO PRINCIPALE-1 (POLIAMBULATORIO OSP.MENAGGIO)","ATS DELL'INSUBRIA","ASST LARIANA","MENAGGIO","CO",46.0185038,9.2256073,3196,"POLIAMBULATORIO OSP.MENAGGIO",217,TRUE,1,1
"ISTITUTO CLINICO BEATO MATTEO-POLIAMBULATORIO-1-AMBULATORIO PRINCIPALE-1 (IST. CLIN. DI PAVIA E VIGEVANO SPA- IST. CL. BEATO MATTEO-POLIAM.)","ATS DI PAVIA","ASST DI PAVIA","VIGEVANO","PV",45.30701,8.86925,3415,"IST. CLIN. DI PAVIA E VIGEVANO SPA- IST. CL. BEATO MATTEO-POLIAM.",219,TRUE,1,1
"MEDICENTER","ATS DELLA VAL PADANA","ASST DI MANTOVA","MANTOVA","MN",45.15043,10.75319,994,"MEDICENTER",224,TRUE,1,1
"NUOVO OSPEDALE DI VIMERCATE-PSICHIATRIA-1-CPS-3 (CPS DI SEREGNO)","ATS DELLA BRIANZA","ASST DELLA BRIANZA","SEREGNO","MB",45.6454377,9.2123333,3494,"CPS DI SEREGNO",225,TRUE,1,1
"POLIAMBULATORIO VIA PUECHER","ATS DELLA CITTA' METROPOLITANA DI MILANO","ASST FATEBENEFRATELLI SACCO","MILANO","MI",45.5033184,9.2231798,94,"POLIAMBULATORIO VIA PUECHER",226,TRUE,1,1
"STRUTTURA SANITARIA DI TIRANO","ATS DELLA MONTAGNA","ASST DELLA VALTELLINA E DELL'ALTO LARIO","TIRANO","SO",46.2177134,10.1683316,953,"STRUTTURA SANITARIA DI TIRANO",230,TRUE,1,1
"PRESIDIO SANT'ANNA-POLIAMBULATORIO-2-AMBULATORIO PRINCIPALE-1 (POLIAMBULATORIO VIA NAPOLEONA COMO)","ATS DELL'INSUBRIA","ASST LARIANA","COMO","CO",45.79022,9.09,3054,"POLIAMBULATORIO VIA NAPOLEONA COMO",232,TRUE,1,1
"POLIAMBULATORIO DI VIA GIUSSANI 9 - NOVA MILANESE-POLIAMBULATORIO-3-AMBULATORIO PRINCIPALE-1 (AMBULATORIO EXSTRAOSP. NOVA M.SE)","ATS DELLA BRIANZA","ASST DELLA BRIANZA","NOVA MILANESE","MB",45.5886029,9.2009211,3355,"AMBULATORIO EXSTRAOSP. NOVA M.SE",234,TRUE,1,1
"PRESIDIO OSPEDALIERO DI CREMONA-PSICHIATRIA-1-CPS-1 (CPS CREMONA)","ATS DELLA VAL PADANA","ASST DI CREMONA","CREMONA","CR",45.14106,10.0179,2989,"CPS CREMONA",235,TRUE,1,1
"STATIC CENTRO CHIROTERAPEUTICO DI BRESCIA SRL","ATS DI BRESCIA","ASST DEGLI SPEDALI CIVILI DI BRESCIA","BRESCIA","BS",45.52341,10.20917,736,"STATIC CENTRO CHIROTERAPEUTICO DI BRESCIA",238,TRUE,1,1
"ISTITUTO CLINICO VILLA APRICA S.P.A.-POLIAMBULATORIO-1-AMBULATORIO PRINCIPALE-1 (POLIAMBULATORIO ISTITUTO CLINICO VILLA APRICA)","ATS DELL'INSUBRIA","ASST LARIANA","COMO","CO",45.82341,9.06081,3126,"POLIAMBULATORIO ISTITUTO CLINICO VILLA APRICA",239,TRUE,1,1
"GEMINI RX","ATS DI BRESCIA","ASST DEGLI SPEDALI CIVILI DI BRESCIA","TRAVAGLIATO","BS",45.5294681,10.0791731,8159,"GEMINI RX",241,TRUE,1,1
"CLINICA DIAGNOSTICA DOTT. LORENZO TREZZA-POLIAMBULATORIO-1-AMBULATORIO PRINCIPALE-1 (FISIOCENTER C.S.M.D.)","ATS DELLA BRIANZA","ASST DELLA BRIANZA","CARNATE","MB",45.6520371,9.3716978,3185,"FISIOCENTER C.S.M.D.",243,TRUE,1,1
"PRESIDIO UNICO MAGENTA - ABBIATEGRASSO (STAB DI ABBIATEGRASSO)-EMODIALISI-1-CAL-1 (C.A.L. ABBIATEGRASSO)","ATS DELLA CITTA' METROPOLITANA DI MILANO","ASST OVEST MILANESE","ABBIATEGRASSO","MI",45.395124,8.9143274,2521,"C.A.L. ABBIATEGRASSO",248,TRUE,1,1
"OSPEDALE SAN GIUSEPPE-POLIAMBULATORIO-1-AMBULATORIO PRINCIPALE-1 (OSPEDALE S.GIUSEPPE)","ATS DELLA CITTA' METROPOLITANA DI MILANO","ASST FATEBENEFRATELLI SACCO","MILANO","MI",45.4630007,9.1718003,3106,"OSPEDALE S.GIUSEPPE",249,TRUE,1,1
"POLIAMBULATORIO VIA FANTOLI 7","ATS DELLA CITTA' METROPOLITANA DI MILANO","ASST FATEBENEFRATELLI SACCO","MILANO","MI",45.4517026,9.2517058,1036,"POLIAMBULATORIO VIA FANTOLI",251,TRUE,1,1
"OSPEDALE - GALLARATE-POLIAMBULATORIO-1-AMBULATORIO PRINCIPALE-1 (OSPEDALIERO S. ANTONIO ABATE)","ATS DELL'INSUBRIA","ASST DELLA VALLE OLONA","GALLARATE","VA",45.65715,8.79298,3048,"OSPEDALIERO S. ANTONIO ABATE",253,TRUE,1,1
"ISTITUTO CLINICO CITTÀ BRESCIA (STAB DEL PRESIDIO IC S. ANNA)-POLIAMBULATORIO-1-AMBULATORIO PRINCIPALE-1 (IST. CLINICO CITTA' DI BRESCIA)","ATS DI BRESCIA","ASST DEGLI SPEDALI CIVILI DI BRESCIA","BRESCIA","BS",45.5537044,10.2275672,3324,"IST. CLINICO CITTA' DI BRESCIA",255,TRUE,1,1
"PRESIDIO DI VARESE (OSP DI CUASSO AL MONTE)-POLIAMBULATORIO-1-AMBULATORIO PRINCIPALE-1 (POLIAMBULATORIO OSP.CUASSO A/M)","ATS DELL'INSUBRIA","ASST DEI SETTE LAGHI","CUASSO AL MONTE","VA",45.90835,8.85795,2909,"POLIAMBULATORIO OSP.CUASSO A/M",257,TRUE,1,1
"POLIAMBULATORIO DI BREMBATE DI SOPRA","ATS DI BERGAMO","ASST DI BERGAMO OVEST","BREMBATE DI SOPRA","BG",45.72037,9.5844,1087,"POLIAMBULATORIO DI BREMBATE DI SOPRA",258,TRUE,1,1
"PRESIDIO DI VARESE (OSP FILIPPO DEL PONTE)-POLIAMBULATORIO-1-AMBULATORIO PRINCIPALE-1 (POLIAMBULATORIO OSPEDALE F.DEL PONTE-VARESE)","ATS DELL'INSUBRIA","ASST DEI SETTE LAGHI","VARESE","VA",45.81525,8.83427,2902,"POLIAMBULATORIO OSPEDALE F.DEL PONTE-VARESE",259,TRUE,1,1
"POLIAMBULATORIO VIA BARONI","ATS DELLA CITTA' METROPOLITANA DI MILANO","ASST SANTI PAOLO E CARLO","MILANO","MI",45.4122179,9.1714992,1044,"POLIAMBULATORIO VIA BARONI",260,TRUE,1,1
"PRESIDIO OSPEDALIERO ""SS. CAPITANIO E GEROSA"" - LOVERE-POLIAMBULATORIO-1-AMBULATORIO PRINCIPALE-1 (POL. OSP.SS.CAPITANIO E GEROSA)","ATS DI BERGAMO","ASST DI BERGAMO EST","LOVERE","BG",45.81847,10.07483,2534,"POL. OSP.SS.CAPITANIO E GEROSA",261,TRUE,1,1
"OSPEDALE  UMBERTO I°  BELLANO-POLIAMBULATORIO-3-AMBULATORIO PRINCIPALE-1 (POLIAMBULATORIO OSP.DI BELLANO)","ATS DELLA BRIANZA","ASST DI LECCO","BELLANO","LC",46.04513,9.30456,3345,"POLIAMBULATORIO OSP.DI BELLANO",263,TRUE,1,1
"PRESIDIO UNICO MAGENTA - ABBIATEGRASSO (STAB DI MAGENTA)-POLIAMBULATORIO-1-AMBULATORIO PRINCIPALE-1 (OSPED. G.FORNAROLI-MAGENTA)","ATS DELLA CITTA' METROPOLITANA DI MILANO","ASST OVEST MILANESE","MAGENTA","MI",45.4701508,8.8920059,3639,"OSPED. G.FORNAROLI-MAGENTA",264,TRUE,1,1
"PRESIDIO SANT'ANNA-PSICHIATRIA-1-CPS-3 (CPS - CANTU')","ATS DELL'INSUBRIA","ASST LARIANA","CANTU'","CO",45.73554,9.14464,3063,"CPS - CANTU'",265,TRUE,1,1
"OSPEDALE E. BASSINI-POLIAMBULATORIO-1-AMBULATORIO PRINCIPALE-1 (POLIAMBULATORIO OSPEDALE BASSINI)","ATS DELLA CITTA' METROPOLITANA DI MILANO","ASST NORD MILANO","CINISELLO BALSAMO","MI",45.54635,9.21584,2684,"POLIAMBULATORIO OSPEDALE BASSINI",267,TRUE,1,1
"OSPEDALE ARNABOLDI - BRONI-POLIAMBULATORIO-1-AMBULATORIO PRINCIPALE-1 (POLIAMB OSP. BRONI)","ATS DI PAVIA","ASST DI PAVIA","BRONI","PV",45.0690889,9.2675737,3445,"POLIAMB OSP. BRONI",268,TRUE,1,1
"OSPEDALE CIVILE DESTRA SECCHIA-POLIAMBULATORIO-1-AMBULATORIO PRINCIPALE-1 (POLIAMBUL. OSP. BORGO MANTOVANO)","ATS DELLA VAL PADANA","ASST DI MANTOVA","BORGO MANTOVANO","MN",45.03374,11.11883,3002,"POLIAMBUL. OSP. BORGO MANTOVANO",271,TRUE,1,1
"OSPEDALE CIVILE DI VOGHERA-POLIAMBULATORIO-1-AMBULATORIO PRINCIPALE-1 (POLIAMB. OSP. VOGHERA)","ATS DI PAVIA","ASST DI PAVIA","VOGHERA","PV",44.99481,9.01449,3436,"POLIAMB. OSP. VOGHERA",272,TRUE,1,1
"OSPEDALE SS.ANNUNZIATA - VARZI-POLIAMBULATORIO-1-AMBULATORIO PRINCIPALE-1 (POLIAMB. OSP. VARZI)","ATS DI PAVIA","ASST DI PAVIA","VARZI","PV",44.8251008,9.190977,3452,"POLIAMB. OSP. VARZI",276,TRUE,1,1
"PRESIDIO OSPEDALIERO DI GARDONE V.T.-POLIAMBULATORIO-2 (POLIAMBULATORIO DI LUMEZZANE)","ATS DI BRESCIA","ASST DEGLI SPEDALI CIVILI DI BRESCIA","LUMEZZANE","BS",45.64998,10.25996,160,"POLIAMBULATORIO DI LUMEZZANE",278,TRUE,1,1
"KOUROS IMAGING","ATS DELLA CITTA' METROPOLITANA DI MILANO","ASST SANTI PAOLO E CARLO","MILANO","MI",45.4490468,9.1808537,618,"KOUROS IMAGING",279,TRUE,1,1
"IRCCS OSPEDALE SAN RAFFAELE-POLIAMBULATORIO-1-AMBULATORIO PRINCIPALE-1 (ISTITUTO RICOVERO S.RAFFAELE)","ATS DELLA CITTA' METROPOLITANA DI MILANO","ASST FATEBENEFRATELLI SACCO","MILANO","MI",45.5060616,9.267863,2968,"ISTITUTO RICOVERO S.RAFFAELE",283,TRUE,1,1
"SPEDALI CIVILI DI BRESCIA-PSICHIATRIA-1-CPS-1 (1° CPS BRESCIA)","ATS DI BRESCIA","ASST DEGLI SPEDALI CIVILI DI BRESCIA","BRESCIA","BS",45.543372,10.2058095,2536,"1° CPS BRESCIA",285,TRUE,1,1
"PRESIDIO OSPEDALIERO ""PESENTI-FENAROLI"" - ALZANO LOMBARDO-PSICHIATRIA-1-CPS-2 (CPS - PIARIO)","ATS DI BERGAMO","ASST DI BERGAMO EST","PIARIO","BG",45.88469,9.91527999,3657,"CPS - PIARIO",289,TRUE,1,1
"VILLA BIANCA CASA DI CURA-POLIAMBULATORIO-1-AMBULATORIO PRINCIPALE-1 (MULTIMEDICA SPA)","ATS DELLA BRIANZA","ASST DELLA BRIANZA","LIMBIATE","MB",45.6045769,9.1172485,3182,"MULTIMEDICA SPA",291,TRUE,1,1
"POLITERAPICO POLIDIAGNOSTICO (DI VIA BORGAZZI)","ATS DELLA BRIANZA","ASST DI MONZA","MONZA","MB",45.56613,9.26154,817,"POLITERAPICO POLIDIAGNOSTICO",292,TRUE,1,1
"DIAGNOFISIC SRL.","ATS DELLA CITTA' METROPOLITANA DI MILANO","ASST FATEBENEFRATELLI SACCO","MILANO","MI",45.4464164,9.2120756,715,"DIAGNOFISIC",297,TRUE,1,1
"PO DI CERNUSCO SUL NAVIGLIO - VAPRIO D'ADDA (STAB DI VAPRIO D'ADDA)-POLIAMBULATORIO-1-AMBULATORIO PRINCIPALE-1 (OSPEDALE CROTTA OLTROCCHI VAPRIO D'ADDA)","ATS DELLA CITTA' METROPOLITANA DI MILANO","ASST MELEGNANO E DELLA MARTESANA","VAPRIO D'ADDA","MI",45.57358,9.52821,2755,"OSPEDALE CROTTA OLTROCCHI VAPRIO D'ADDA",298,TRUE,1,1
"OSPEDALE ""F. M. PASSI""-POLIAMBULATORIO-1-AMBULATORIO PRINCIPALE-1 (POLIAMBULATORIO OSP.CALCINATE)","ATS DI BERGAMO","ASST DI BERGAMO EST","CALCINATE","BG",45.61973,9.798,3655,"POLIAMBULATORIO OSP.CALCINATE",299,TRUE,1,1
"OSPEDALE S. MARTINO - MEDE-POLIAMBULATORIO-1-AMBULATORIO PRINCIPALE-1 (POLIAMB. OSP. MEDE)","ATS DI PAVIA","ASST DI PAVIA","MEDE","PV",45.0915615,8.7307885,3447,"POLIAMB. OSP. MEDE",300,TRUE,1,1
"OSPEDALE MORIGGIA PELASCINI-POLIAMBULATORIO-1-AMBULATORIO PRINCIPALE-1 (POLIAMBULATORIO OSPEDALE MORIGGIA PELASCINI)","ATS DELLA MONTAGNA","ASST DELLA VALTELLINA E DELL'ALTO LARIO","GRAVEDONA ED UNITI","CO",46.14265,9.29981,3206,"POLIAMBULATORIO OSPEDALE MORIGGIA PELASCINI",301,TRUE,1,1
"AMB. PSICHIATRIA - CASTEL G.","ATS DELLA VAL PADANA","ASST DI MANTOVA","CASTEL GOFFREDO","MN",45.3017712,10.4809021,186,"AMB. PSICHIATRIA - CASTEL G.",302,TRUE,1,1
"NUOVO OSPEDALE DI BRONI STRADELLA-MEDICINA GENERALE-1-CAL-1 (C.A.L. OSPEDALE UNIFICATO DI BRONI-STRADELLA)","ATS DI PAVIA","ASST DI PAVIA","STRADELLA","PV",45.07612,9.28744,2841,"C.A.L. OSPEDALE UNIFICATO DI BRONI-STRADELLA",304,TRUE,1,1
"CENTRO MEDICO DI CASTEL GOFFREDO-RIABILITAZIONE SPECIALISTICA-1-AMBULATORIO PRINCIPALE-1 (POLIAMBULATORI IRCCS CASTEL GOFFREDO)","ATS DELLA VAL PADANA","ASST DI MANTOVA","CASTEL GOFFREDO","MN",45.3015456,10.480844,3401,"POLIAMBULATORI IRCCS CASTEL GOFFREDO",305,TRUE,1,1
"ISTITUTO DI CURA CITTA' DI PAVIA-POLIAMBULATORIO-1-AMBULATORIO PRINCIPALE-1 (ISTITUTI CLINICI DI PAVIA E VIGEVANO S.P.A.-IST DI CURA CITTA' DI PAVIA)","ATS DI PAVIA","ASST DI PAVIA","PAVIA","PV",45.19253,9.16774,3406,"ISTITUTI CLINICI DI PAVIA E VIGEVANO S.P.A.-IST DI CURA CITTA' DI PAVIA",306,TRUE,1,1
"OSPEDALE VALDUCE-POLIAMBULATORIO-1-AMBULATORIO PRINCIPALE-1 (POLIAMB.OSP.GEN.ZONA VALDUCE)","ATS DELL'INSUBRIA","ASST LARIANA","COMO","CO",45.81026,9.08794,3060,"POLIAMB.OSP.GEN.ZONA VALDUCE",307,TRUE,1,1
"ISTITUTO AUXOLOGICO ITALIANO - IRCCS SAN MICHELE (STAB)-POLIAMBULATORIO-1-AMBULATORIO PRINCIPALE-1 (CENTRO AUXOLOGICO IT.S.MICHELE)","ATS DELLA CITTA' METROPOLITANA DI MILANO","ASST SANTI PAOLO E CARLO","MILANO","MI",45.4692652,9.1656562,2955,"CENTRO AUXOLOGICO IT.S.MICHELE",309,TRUE,1,1
"PRESIDIO OSPEDALIERO ""DELMATI"" - S. ANGELO LODIGIANO-POLIAMBULATORIO-1-AMBULATORIO PRINCIPALE-1 (OSP. DELMATI AMBUL. DIAGN.)","ATS DELLA CITTA' METROPOLITANA DI MILANO","ASST DI LODI","SANT'ANGELO LODIGIANO","LO",45.22852,9.41707,2837,"OSP. DELMATI AMBUL. DIAGN.",312,TRUE,1,1
"CENTRO CARDIOLOGICO S.P.A. ""FONDAZIONE MONZINO""-POLIAMBULATORIO-1-AMBULATORIO PRINCIPALE-1 (CENTRO CARDIOLOGICO S.P.A.)","ATS DELLA CITTA' METROPOLITANA DI MILANO","ASST FATEBENEFRATELLI SACCO","MILANO","MI",45.44408,9.26242,2894,"CENTRO CARDIOLOGICO S.P.A.",313,TRUE,1,1
"AMBULATORI P.O. PASSIRANA","ATS DELLA CITTA' METROPOLITANA DI MILANO","ASST RHODENSE","RHO","MI",45.54620397,9.04720576,90,"AMBULATORI P.O. PASSIRANA",318,TRUE,1,1
"OSPEDALE SAN PAOLO-PSICHIATRIA-1-CPS-1 (CPS VIA BARABINO AREA SUD)","ATS DELLA CITTA' METROPOLITANA DI MILANO","ASST FATEBENEFRATELLI SACCO","MILANO","MI",45.4336612,9.2220632,3557,"CPS VIA BARABINO AREA SUD",320,TRUE,1,1
"HABILITA POLIAMBULATORIO CLUSONE","ATS DI BERGAMO","ASST DI BERGAMO EST","CLUSONE","BG",45.8843539,9.954544,876,"HABILITA POLIAMBULATORIO CLUSONE",321,TRUE,1,1
"POLIAMBULATORIO DI ARESE-POLIAMBULATORIO-1-AMBULATORIO PRINCIPALE-1 (POLIAMBULATORIO  ARESE)","ATS DELLA CITTA' METROPOLITANA DI MILANO","ASST RHODENSE","ARESE","MI",45.55148,9.07926,2606,"POLIAMBULATORIO  ARESE",324,TRUE,1,1
"POLIAMBULATORIO CARDINAL SCHUSTER","ATS DELLA CITTA' METROPOLITANA DI MILANO","ASST GRANDE OSPEDALE METROPOLITANO NIGUARDA","MILANO","MI",45.4961058,9.1698682,727,"POLIAMBULATORIO CARDINAL SCHUSTER",326,TRUE,1,1
"S. RAFFAELE TURRO-POLIAMBULATORIO-1-AMBULATORIO PRINCIPALE-1 (SAN RAFFAELE TURRO)","ATS DELLA CITTA' METROPOLITANA DI MILANO","ASST FATEBENEFRATELLI SACCO","MILANO","MI",45.4991899,9.2291095,3033,"SAN RAFFAELE TURRO",328,TRUE,1,1
"SMART CLINIC ORIO CENTER","ATS DI BERGAMO","ASST PAPA GIOVANNI XXIII","ORIO AL SERIO","BG",45.6651,9.69513,1553,"SMART CLINIC ORIO CENTER",331,TRUE,1,1
"POLIAMBULATORIO VIA MASANIELLO","ATS DELLA CITTA' METROPOLITANA DI MILANO","ASST SANTI PAOLO E CARLO","MILANO","MI",45.4628394,9.0908915,8199,"POLIAMBULATORIO VIA MASANIELLO",333,TRUE,1,1
"CENTRO DIAGNOSTICO TREVIGLIO","ATS DI BERGAMO","ASST DI BERGAMO OVEST","TREVIGLIO","BG",45.524863,9.588611,864,"CENTRO DIAGNOSTICO TREVIGLIO",335,TRUE,1,1
"CASA DI CURA VILLA SAN BENEDETTO-POLIAMBULATORIO-1-AMBULATORIO PRINCIPALE-1 (POLIAMBULATORIO VILLA SAN BENEDETTO)","ATS DELL'INSUBRIA","ASST LARIANA","ALBESE CON CASSANO","CO",45.79717,9.16198,3120,"POLIAMBULATORIO VILLA SAN BENEDETTO",337,TRUE,1,1
"POLIAMBULATORIO DI VIA GIUSSANI 9 - NOVA MILANESE-POLIAMBULATORIO-2-AMBULATORIO PRINCIPALE-1 (AMBULATORIO EXTRAOSPED. MUGGIO')","ATS DELLA BRIANZA","ASST DELLA BRIANZA","MUGGIO'","MB",45.588278,9.22483899,3417,"AMBULATORIO EXTRAOSPED. MUGGIO'",339,TRUE,1,1
"I.R.C.C.S. CENTRO SAN GIOVANNI DI DIO FATEBENEFRATELLI-POLIAMBULATORIO-1-AMBULATORIO PRINCIPALE-1 (POLIAMBULATORI IRCCS CENTRO SAN GIOVANNI DI DIO)","ATS DI BRESCIA","ASST DEGLI SPEDALI CIVILI DI BRESCIA","BRESCIA","BS",45.5239142,10.2021241,3326,"POLIAMBULATORI IRCCS CENTRO SAN GIOVANNI DI DIO",341,TRUE,1,1
"PRESIDIO DI VARESE (OSP DI CIRCOLO VARESE)-NEFROLOGIA-1-CAL-1 (C.A.L. - VIA ROSSI)","ATS DELL'INSUBRIA","ASST DEI SETTE LAGHI","VARESE","VA",45.808,8.83731,2903,"C.A.L. - VIA ROSSI",343,TRUE,1,1
"PO DI PALAZZOLO S/O (STAB DEL PO DI ISEO)-POLIAMBULATORIO-1-AMBULATORIO PRINCIPALE-1 (POLIAMBULATORIO PALAZZOLO S/O)","ATS DI BRESCIA","ASST DELLA FRANCIACORTA","PALAZZOLO SULL'OGLIO","BS",45.59989,9.88744,2697,"POLIAMBULATORIO PALAZZOLO S/O",344,TRUE,1,1
"CENTRO MEDICO DI LUMEZZANE-POLIAMBULATORIO-1-AMBULATORIO PRINCIPALE-1 (POLIAMBULATORIO IRCCS LUMEZZANE)","ATS DI BRESCIA","ASST DEGLI SPEDALI CIVILI DI BRESCIA","LUMEZZANE","BS",45.65203,10.25165,3325,"POLIAMBULATORIO IRCCS LUMEZZANE",345,TRUE,1,1
"STUDIO DENTISTICO DOTT. EZIO FRENI SRL","ATS DELL'INSUBRIA","ASST LARIANA","ORSENIGO","CO",45.7761823,9.1731945,917,"STUDIO DENTISTICO DOTT. EZIO FRENI SRL",347,TRUE,1,1
"CENTRO MEDICO DENTAL DUE SAS DI DANILO BETTINI & C.","ATS DELLA CITTA' METROPOLITANA DI MILANO","ASST OVEST MILANESE","LEGNANO","MI",45.5911,8.92047,706,"CENTRO MEDICO DENTAL DUE SAS",350,TRUE,1,1
"OSPEDALE CARLO MIRA - CASORATE PRIMO-PSICHIATRIA-1-CPS-1 (C.P.S. PAVIA)","ATS DI PAVIA","ASST DI PAVIA","PAVIA","PV",45.18828,9.16287,7696,"C.P.S. PAVIA",352,TRUE,1,1
"FONDAZIONE EUROPEA DI RICERCA BIOMEDICA FERB- ONLUS-RIABILITAZIONE SPECIALISTICA-1-AMBULATORIO PRINCIPALE-1 (FONDAZIONE EUROPEA DI RICERCA BIOMEDICA FERB ONLUS)","ATS DELLA CITTA' METROPOLITANA DI MILANO","ASST MELEGNANO E DELLA MARTESANA","CERNUSCO SUL NAVIGLIO","MI",45.5232354,9.3285918,3113,"FONDAZIONE EUROPEA DI RICERCA BIOMEDICA FERB ONLUS",353,TRUE,1,1
"OSPEDALE SS.ANNUNZIATA - VARZI-MEDICINA GENERALE-1-CAL-1 (C.A.L. OSPEDALE VARZI)","ATS DI PAVIA","ASST DI PAVIA","VARZI","PV",44.8251008,9.190977,3449,"C.A.L. OSPEDALE VARZI",354,TRUE,1,1
"CASA DI CURA PRIVATA DEL POLICLINICO S.P.A.-POLIAMBULATORIO-1-AMBULATORIO PRINCIPALE-1 (CASA DI CURA DEL POLICLINICO - AMBULATORIO)","ATS DELLA CITTA' METROPOLITANA DI MILANO","ASST SANTI PAOLO E CARLO","MILANO","MI",45.4595,9.16183,3107,"CASA DI CURA DEL POLICLINICO - AMBULATORIO",356,TRUE,1,1
"OSPEDALE - ANGERA-POLIAMBULATORIO-1-AMBULATORIO PRINCIPALE-1 (POLIAMBULATORIO OSPEDALE CARLO ONDOLI - ANGERA)","ATS DELL'INSUBRIA","ASST DEI SETTE LAGHI","ANGERA","VA",45.7753572,8.5780536,2984,"POLIAMBULATORIO OSPEDALE CARLO ONDOLI - ANGERA",357,TRUE,1,1
"NUOVO OSPEDALE DI BRONI STRADELLA-POLIAMBULATORIO-1-AMBULATORIO PRINCIPALE-1 (POLIAMBULATORIO OSPEDALE UNIFICATO DI BRONI-STRADELLA)","ATS DI PAVIA","ASST DI PAVIA","STRADELLA","PV",45.07612,9.28744,3448,"POLIAMBULATORIO OSPEDALE UNIFICATO DI BRONI-STRADELLA",358,TRUE,1,1
"OSPEDALE VALDUCE-POLIAMBULATORIO-1-AMBULATORIO PRINCIPALE-1 (PRESIDIO DI RIAB.VILLA BERETTA)","ATS DELLA BRIANZA","ASST DI LECCO","COSTA MASNAGA","LC",45.770931,9.27027696,8167,"PRESIDIO DI RIAB.VILLA BERETTA",359,TRUE,1,1
"PRESIDIO POLIAMBULATORIALE PARABIAGO","ATS DELLA CITTA' METROPOLITANA DI MILANO","ASST OVEST MILANESE","PARABIAGO","MI",45.5585007,8.9408545,1032,"POLIAMBULATORIALE PARABIAGO",360,TRUE,1,1
"OSPEDALE CIVILE DI VOGHERA-PSICHIATRIA-1-CPS-1 (C.P.S. VOGHERA - VARZI)","ATS DI PAVIA","ASST DI PAVIA","VOGHERA","PV",44.99481,9.01449,3439,"C.P.S. VOGHERA - VARZI",361,TRUE,1,1
"AMBULATORIO PSICHIATRICO MARIANO COMENSE","ATS DELL'INSUBRIA","ASST LARIANA","MARIANO COMENSE","CO",45.6911185,9.1844108,30,"AMBULATORIO PSICHIATRICO MARIANO COMENSE",362,TRUE,1,1
"OSPEDALE CIVILE LA MEMORIA DI GAVARDO (UNICO PO CON STAB SALÒ)-POLIAMBULATORIO-1-AMBULATORIO PRINCIPALE-1 (POLIAMBULATORI GAVARDO)","ATS DI BRESCIA","ASST DEL GARDA","GAVARDO","BS",45.5886006,10.4390323,2765,"POLIAMBULATORI GAVARDO",363,TRUE,1,1
"CENTRO DIAGNOSTICO GALLARATESE","ATS DELL'INSUBRIA","ASST DELLA VALLE OLONA","GALLARATE","VA",45.65785,8.78584,788,"CENTRO DIAGNOSTICO GALLARATESE",366,TRUE,1,1
"PRESIDIO OSPEDALIERO DI GARDONE V.T.-POLIAMBULATORIO-1-AMBULATORIO PRINCIPALE-1 (CPS 1 - AMBULATORIO GARDONE V/T)","ATS DI BRESCIA","ASST DEGLI SPEDALI CIVILI DI BRESCIA","GARDONE VAL TROMPIA","BS",45.6765932,10.1838145,2619,"AMBULATORIO GARDONE V.T.",369,TRUE,1,1
"OSPEDALE CIVILE VIGEVANO-PSICHIATRIA-1-CPS-3 (C.P.S. VIGEVANO)","ATS DI PAVIA","ASST DI PAVIA","VIGEVANO","PV",45.32369,8.86573,3437,"C.P.S. VIGEVANO",370,TRUE,1,1
"POLIAMBULATORIO SPECIALISTICO EXTRA-OSPEDALIERO - PIOLTELLO-POLIAMBULATORIO-1-AMBULATORIO PRINCIPALE-1 (UOP - AMB. PIOLTELLO)","ATS DELLA CITTA' METROPOLITANA DI MILANO","ASST MELEGNANO E DELLA MARTESANA","PIOLTELLO","MI",45.4974838,9.3221192,2759,"UOP - AMB. PIOLTELLO",371,TRUE,1,1
"OSPEDALE CIVILE DESTRA SECCHIA-PSICHIATRIA-1-AMBULATORIO PRINCIPALE-1 (AMB. PSICHIATRIA - SUZZARA)","ATS DELLA VAL PADANA","ASST DI MANTOVA","SUZZARA","MN",44.99493,10.73368,3004,"AMB. PSICHIATRIA - SUZZARA",372,TRUE,1,1
"BERGAMOSPORTSTUDI - BSS","ATS DI BERGAMO","ASST PAPA GIOVANNI XXIII","BERGAMO","BG",45.71463109,9.69466685,867,"BERGAMOSPORTSTUDI - BSS",373,TRUE,1,1
"CENTRO RADIOLOGICO VALTELLINESE","ATS DELLA MONTAGNA","ASST DELLA VALTELLINA E DELL'ALTO LARIO","PIANTEDO","SO",46.1410586,9.4190086,802,"CENTRO RADIOLOGICO VALTELLINESE",374,TRUE,1,1
"STABILIMENTO OSPEDALIERO DI LEGNANO-PSICHIATRIA-1-CPS-1 (CPS - LEGNANO)","ATS DELLA CITTA' METROPOLITANA DI MILANO","ASST OVEST MILANESE","LEGNANO","MI",45.59992,8.93178,2528,"CPS - LEGNANO",376,TRUE,1,1
"CENTRO POLISPECIALISTICO PACINI SRL","ATS DELLA CITTA' METROPOLITANA DI MILANO","ASST FATEBENEFRATELLI SACCO","MILANO","MI",45.481361,9.2262075,728,"CENTRO POLISPECIALISTICO PACINI",377,TRUE,1,1
"CENTRO MEDICO DI MONTESCANO-RIABILITAZIONE SPECIALISTICA-1-AMBULATORIO PRINCIPALE-1 (POLIAMB. IRCCS MONTESCANO)","ATS DI PAVIA","ASST DI PAVIA","MONTESCANO","PV",45.03257,9.28457,3409,"POLIAMB. IRCCS MONTESCANO",379,TRUE,1,1
"STRUTTURA RICOVERO E CURA  DI SONDRIO-PSICHIATRIA-1-CPS-1 (CPS SONDRIO)","ATS DELLA MONTAGNA","ASST DELLA VALTELLINA E DELL'ALTO LARIO","SONDRIO","SO",46.16803,9.87251,3203,"CPS SONDRIO",380,TRUE,1,1
"CENTRO ODONTOIATRICO REGIONALE EUROPEO","ATS DI PAVIA","ASST DI PAVIA","PAVIA","PV",45.19049,9.15163,1012,"CENTRO ODONTOIATRICO REGIONALE EUROPEO",382,TRUE,1,1
"ISTITUTO SCIENTIFICO DI RIABILITAZIONE-POLIAMBULATORIO-2-AMBULATORIO PRINCIPALE-1 (ISTITUTO SCIENTIFICO  MAUGERI AMBULATORIO)","ATS DELLA CITTA' METROPOLITANA DI MILANO","ASST FATEBENEFRATELLI SACCO","MILANO","MI",45.4369599,9.2660015,2893,"ISTITUTO SCIENTIFICO  MAUGERI AMBULATORIO",384,TRUE,1,1
"PRESIDIO OSPEDALIERO ""PESENTI-FENAROLI"" - ALZANO LOMBARDO-PSICHIATRIA-1-CPS-1 (CPS - NEMBRO)","ATS DI BERGAMO","ASST DI BERGAMO EST","NEMBRO","BG",45.7476446,9.765237,3656,"CPS - NEMBRO",389,TRUE,1,1
"CENTRO MED.SPORT ASL SONDRIO","ATS DELLA MONTAGNA","ASST DELLA VALTELLINA E DELL'ALTO LARIO","SONDRIO","SO",46.16832,9.87437,36,"CENTRO MED.SPORT ASL SONDRIO",390,TRUE,1,1
"PRESIDIO OSPEDALIERO DI LODI-PSICHIATRIA-1-CPS-1 (CPS - LODI)","ATS DELLA CITTA' METROPOLITANA DI MILANO","ASST DI LODI","LODI","LO",45.31393,9.50571,2840,"CPS - LODI",391,TRUE,1,1
"ISTITUTO SCIENTIFICO DI PAVIA - SEDE DI VIA BOEZIO-RIABILITAZIONE SPECIALISTICA-1-AMBULATORIO PRINCIPALE-1 (POLIAMB.IST.SCIENT.DI PAVIA)","ATS DI PAVIA","ASST DI PAVIA","PAVIA","PV",45.18941,9.15062,3414,"POLIAMB.IST.SCIENT.DI PAVIA",393,TRUE,1,1
"""OSPEDALE PIO XI""-NEFROLOGIA-1-CAL-1 (CAL CESANO MADERNO)","ATS DELLA BRIANZA","ASST DELLA BRIANZA","CESANO MADERNO","MB",45.623228,9.1520702,3351,"CAL CESANO MADERNO",394,TRUE,1,1
"VIGEVADENT","ATS DI PAVIA","ASST DI PAVIA","VIGEVANO","PV",45.31943,8.86333,1009,"VIGEVADENT",396,TRUE,1,1
"CDI CERNUSCO","ATS DELLA CITTA' METROPOLITANA DI MILANO","ASST MELEGNANO E DELLA MARTESANA","CERNUSCO SUL NAVIGLIO","MI",45.5138767,9.3378186,712,"CDI CERNUSCO",397,TRUE,1,1
"PRESIDIO DEL VERBANO (OSP CAUSA PIA LUVINI) CITTIGLIO-PSICHIATRIA-1-CPS-1 (C.P.S. LAVENO MOMBELLO)","ATS DELL'INSUBRIA","ASST DEI SETTE LAGHI","LAVENO-MOMBELLO","VA",45.9075842,8.6228192,2910,"C.P.S. LAVENO MOMBELLO",398,TRUE,1,1
"STRUTTURA RICOVERO E CURA  DI SONDRIO-PSICHIATRIA-1-AMBULATORIO PRINCIPALE-1 (ATTIVITA' AMBULATORIALE PSICHIATRICA TIRANO)","ATS DELLA MONTAGNA","ASST DELLA VALTELLINA E DELL'ALTO LARIO","TIRANO","SO",46.2177134,10.1683316,2921,"ATTIVITA' AMBULATORIALE PSICHIATRICA TIRANO",399,TRUE,1,1
"PO DI VIZZOLO PREDABISSI - CASSANO D'ADDA (STAB DI CASSANO)-POLIAMBULATORIO-1-AMBULATORIO PRINCIPALE-1 (P.O.A.ZAPPATONI CASSANO D'ADDA)","ATS DELLA CITTA' METROPOLITANA DI MILANO","ASST MELEGNANO E DELLA MARTESANA","CASSANO D'ADDA","MI",45.522965,9.5153655,2761,"P.O.A.ZAPPATONI CASSANO D'ADDA",400,TRUE,1,1
"ISTITUTO STOMATOLOGICO ITALIANO-POLIAMBULATORIO-2-AMBULATORIO PRINCIPALE-1 (ISTITUTO STOMATOLOGICO ITALILANO)","ATS DELLA CITTA' METROPOLITANA DI MILANO","ASST FATEBENEFRATELLI SACCO","MILANO","MI",45.4579617,9.2034574,3036,"ISTITUTO STOMATOLOGICO ITALILANO",402,TRUE,1,1
"CENTRO MEDICINA DELLO SPORT","ATS DELLA VAL PADANA","ASST DI CREMONA","CREMONA","CR",45.14241,10.01521,174,"CENTRO MEDICINA DELLO SPORT",404,TRUE,1,1
"CAMEDI SRL","ATS DELLA CITTA' METROPOLITANA DI MILANO","ASST FATEBENEFRATELLI SACCO","MILANO","MI",45.4779643,9.207536,1400,"CAMEDI SRL",407,TRUE,1,1
"CENTRO FISIOTERAPICO DI VARZI","ATS DI PAVIA","ASST DI PAVIA","VARZI","PV",44.8233842,9.1934182,1019,"CENTRO FISIOTERAPICO DI VARZI",408,TRUE,1,1
"C.P.S. MEDE","ATS DI PAVIA","ASST DI PAVIA","MEDE","PV",45.0992166,8.7315906,189,"C.P.S. MEDE",410,TRUE,1,1
"CENTRO PSICO SOCIALE - LUINO","ATS DELL'INSUBRIA","ASST DEI SETTE LAGHI","LUINO","VA",45.9974967,8.7444373,23,"CENTRO PSICO SOCIALE - LUINO",411,TRUE,1,1
"PRESIDIO OSPEDALIERO ""OSPEDALE DI CIRCOLO"" DI BUSTO ARSIZIO-PSICHIATRIA-1-CPS-1 (C.P.S. - BUSTO ARSIZIO)","ATS DELL'INSUBRIA","ASST DELLA VALLE OLONA","BUSTO ARSIZIO","VA",45.62241,8.84344,2976,"C.P.S. - BUSTO ARSIZIO",412,TRUE,1,1
"SYNLAB COMO-POLIAMBULATORIO-1-AMBULATORIO PRINCIPALE-1 (SYNLAB ITALIA SRL)","ATS DELL'INSUBRIA","ASST LARIANA","COMO","CO",45.80498,9.07995,3061,"SYNLAB ITALIA SRL",416,TRUE,1,1
"HUMANITAS MEDICAL CARE MILANO","ATS DELLA CITTA' METROPOLITANA DI MILANO","ASST SANTI PAOLO E CARLO","MILANO","MI",45.4813663,9.1622531,593,"HUMANITAS MEDICAL CARE MILANO",418,TRUE,1,1
"POLIAMBULATORIO DI DALMINE","ATS DI BERGAMO","ASST DI BERGAMO OVEST","DALMINE","BG",45.64834,9.60172,1084,"POLIAMBULATORIO DI DALMINE",419,TRUE,1,1
"OSPEDALE  ""G.SALVINI""-PSICHIATRIA-1-CPS-3 (CPS 1 - RHO PASSIRANA)","ATS DELLA CITTA' METROPOLITANA DI MILANO","ASST RHODENSE","RHO","MI",45.54620397,9.04720576,8240,"CPS 1 - RHO",420,TRUE,1,1
"CENTRO CLINICO NEMO - FONDAZIONE SERENA-RIABILITAZIONE SPECIALISTICA-1-AMBULATORIO PRINCIPALE-1 (CENTRO CLINICO NEMO AMBULATORIO)","ATS DELLA CITTA' METROPOLITANA DI MILANO","ASST GRANDE OSPEDALE METROPOLITANO NIGUARDA","MILANO","MI",45.5092318,9.1886947,2890,"CENTRO CLINICO NEMO AMBULATORIO",421,TRUE,1,1
"LA CITTADELLA SOCIALE SRL-POLIAMBULATORIO-1-AMBULATORIO PRINCIPALE-1 (POLIAMBULATORIO CASA DI CURA LA CITTADELLA SOCIALE SRL- PIEVE D. CAIRO)","ATS DI PAVIA","ASST DI PAVIA","PIEVE DEL CAIRO","PV",45.0508463,8.8054117,3410,"POLIAMBULATORIO CASA DI CURA LA CITTADELLA SOCIALE SRL- PIEVE D. CAIRO",422,TRUE,1,1
"OSPEDALE ERBA - RENALDI DI MENAGGIO-PSICHIATRIA-1-AMBULATORIO PRINCIPALE-1 (AMBULATORIO PSIC. MENAGGIO)","ATS DELL'INSUBRIA","ASST LARIANA","MENAGGIO","CO",46.0185038,9.2256073,3518,"AMBULATORIO PSIC. MENAGGIO",424,TRUE,1,1
"CENTRO DI RADIOLOGIA E FISIOTERAPIA SRL","ATS DI BERGAMO","ASST PAPA GIOVANNI XXIII","GORLE","BG",45.6890876,9.7120267,891,"CENTRO DI RADIOLOGIA E FISIOTERAPIA SRL",425,TRUE,1,1
"CPS AMBULATORIO DARFO","ATS DELLA MONTAGNA","ASST DELLA VALCAMONICA","DARFO BOARIO TERME","BS",45.8766713,10.180621,41,"CPS AMBULATORIO DARFO",427,TRUE,1,1
"DIAGNOSI X CENTRO POLIDIAGNOSTICO S.R.L.","ATS DELLA BRIANZA","ASST DELLA BRIANZA","LESMO","MB",45.645658,9.3077497,834,"DIAGNOSI X CENTRO POLIDIAGNOST",430,TRUE,1,1
"OSPEDALE DI PASSIRANA-EMODIALISI-1-CAL-1 (C.A.L. PASSIRANA RHO)","ATS DELLA CITTA' METROPOLITANA DI MILANO","ASST RHODENSE","RHO","MI",45.54620397,9.04720576,2670,"C.A.L. PASSIRANA RHO",434,TRUE,1,1
"AMBULATORIO DI LIVIGNO","ATS DELLA MONTAGNA","ASST DELLA VALTELLINA E DELL'ALTO LARIO","LIVIGNO","SO",46.527586,10.1356568,951,"AMBULATORIO DI LIVIGNO",436,TRUE,1,1
"UOP - AMB. MELEGNANO","ATS DELLA CITTA' METROPOLITANA DI MILANO","ASST MELEGNANO E DELLA MARTESANA","MELEGNANO","MI",45.3539099,9.3234163,97,"UOP - AMB. MELEGNANO",440,TRUE,1,1
"MEDICINA DELLO SPORT PIOLTELLO","ATS DELLA CITTA' METROPOLITANA DI MILANO","ASST MELEGNANO E DELLA MARTESANA","PIOLTELLO","MI",45.4974838,9.3221192,100,"MEDICINA DELLO SPORT PIOLTELLO",442,TRUE,1,1
"I.N.R.C.A. - PRESIDIO DI CASATENOVO-POLIAMBULATORIO-1-AMBULATORIO PRINCIPALE-1 (POLIAMBULATORIO I.N.R.C.A.)","ATS DELLA BRIANZA","ASST DI LECCO","CASATENOVO","LC",45.699135,9.2984597,2842,"POLIAMBULATORIO I.N.R.C.A.",444,TRUE,1,1
"PRESIDIO DI VARESE (OSP DI CIRCOLO VARESE)-PSICHIATRIA-2-CPS-1 (C.P.S.  VARESE)","ATS DELL'INSUBRIA","ASST DEI SETTE LAGHI","VARESE","VA",45.81695,8.83792,2972,"C.P.S.  VARESE",445,TRUE,1,1
"PRESIDIO ALESSANDRO MANZONI DI LECCO-PSICHIATRIA-1-CPS-1 (C.P.S. - LECCO)","ATS DELLA BRIANZA","ASST DI LECCO","LECCO","LC",45.84987,9.39723,3285,"C.P.S. - LECCO",447,TRUE,1,1
"CASA DI CURA VILLA ESPERIA S.P.A.-POLIAMBULATORIO-1-AMBULATORIO PRINCIPALE-1 (POLIAMBULATORIO CASA DI CURA VILLA ESPERIA S.P.A)","ATS DI PAVIA","ASST DI PAVIA","GODIASCO SALICE TERME","PV",44.90603,9.03459,3413,"POLIAMBULATORIO CASA DI CURA VILLA ESPERIA S.P.A",449,TRUE,1,1
"""OSPEDALE PIO XI""-PSICHIATRIA-1-CPS-1 (CPS DI CESANO MADERNO)","ATS DELLA BRIANZA","ASST DELLA BRIANZA","CESANO MADERNO","MB",45.6305591,9.1409337,3421,"CPS DI CESANO MADERNO",450,TRUE,1,1
"AMBULATORIO SPECIAL. COMERIO","ATS DELL'INSUBRIA","ASST DEI SETTE LAGHI","COMERIO","VA",45.8392508,8.7470802,102,"AMBULATORIO SPECIAL. COMERIO",454,TRUE,1,1
"STUDIO MEDICO ASSOCIATO DEI DOTT. M. GIRALDI E G. ALIOTO","ATS DI BERGAMO","ASST PAPA GIOVANNI XXIII","BERGAMO","BG",45.69357419,9.66760181,886,"STUDIO MEDICO ASSOCIATO DEI DOTT. M. GIRALDI E G. ALIOTO",455,TRUE,1,1
"ATHAENA POLIAMBULATORIO - RIABILITAZIONE E TERAPIA FISICA","ATS DI BERGAMO","ASST PAPA GIOVANNI XXIII","BERGAMO","BG",45.69028,9.65874,887,"ATHAENA POLIAMBULATORIO - RIABILITAZIONE E TERAPIA FISICA",456,TRUE,1,1
"PRESIDIO DI CREMA-PSICHIATRIA-1-CPS-1 (CENTRO PSICOSOCIALE)","ATS DELLA VAL PADANA","ASST DI CREMA","CREMA","CR",45.3603797,9.685925,3226,"CENTRO PSICOSOCIALE",457,TRUE,1,1
"STRUTTURA RICOVERO E CURA  DI SONDRIO-PSICHIATRIA-1-CPS-3 (CPS BORMIO)","ATS DELLA MONTAGNA","ASST DELLA VALTELLINA E DELL'ALTO LARIO","BORMIO","SO",46.4613422,10.3595579,3136,"CPS BORMIO",458,TRUE,1,1
"STUDIO MEDICO SPORTIVO MINERVA S.R.L.","ATS DI BERGAMO","ASST DI BERGAMO EST","CASAZZA","BG",45.7519658,9.9095093,858,"STUDIO MEDICO SPORTIVO MINERVA",459,TRUE,1,1
"CENTRO MEDICO KOUROS","ATS DELL'INSUBRIA","ASST DELLA VALLE OLONA","BUSTO ARSIZIO","VA",45.60399,8.85414,782,"CENTRO MEDICO KOUROS",460,TRUE,1,1
"C.P.S. 1 CASSINA NUOVA","ATS DELLA CITTA' METROPOLITANA DI MILANO","ASST RHODENSE","BOLLATE","MI",45.5594914,9.1399302,88,"C.P.S. 1 CASSINA NUOVA",461,TRUE,1,1
"POLIAMBULATORIO DON BOSCO","ATS DELLA CITTA' METROPOLITANA DI MILANO","ASST FATEBENEFRATELLI SACCO","MILANO","MI",45.4449582,9.2132058,1115,"POLIAMBULATORIO DON BOSCO",462,TRUE,1,1
"SIRIO S.R.L. - CENTRO MEDICO POLISPECIALISTICO","ATS DELL'INSUBRIA","ASST DEI SETTE LAGHI","VARESE","VA",45.83622,8.79577,777,"SIRIO S.R.L. - CENTRO MEDICO POLISPECIALISTICO",464,TRUE,1,1
"OSPEDALE PAPA GIOVANNI XXIII-PSICHIATRIA-1-CPS-1 (C.P.S. VIA BOCCALEONE)","ATS DI BERGAMO","ASST PAPA GIOVANNI XXIII","BERGAMO","BG",45.68871,9.68976,3580,"C.P.S. VIA BOCCALEONE",465,TRUE,1,1
"HABILITA POLIAMBULATORIO OSIO SOTTO","ATS DI BERGAMO","ASST DI BERGAMO OVEST","OSIO SOTTO","BG",45.6172696,9.5950635,1517,"HABILITA POLIAMBULATORIO OSIO SOTTO",469,TRUE,1,1
"CORPORE SANO SMART CLINIC","ATS DI BERGAMO","ASST DI BERGAMO OVEST","STEZZANO","BG",45.6491007,9.639372,865,"CORPORE SANO SMART CLINIC",470,TRUE,1,1
"PRESIDIO OSPEDALIERO ""OSPEDALE GENERALE PROVINCIALE"" DI SARONNO-PSICHIATRIA-1-CPS-1 (CENTRO PSICO-SOCIALE SARONNO)","ATS DELL'INSUBRIA","ASST DELLA VALLE OLONA","SARONNO","VA",45.63329,9.03745,2983,"CENTRO PSICO-SOCIALE SARONNO",471,TRUE,1,1
"STUDIO CARDIOLOGICO LOCATI","ATS DELLA CITTA' METROPOLITANA DI MILANO","ASST FATEBENEFRATELLI SACCO","MILANO","MI",45.4516779,9.1915523,643,"STUDIO CARDIOLOGICO LOCATI",473,TRUE,1,1
"NUOVO OSPEDALE DI VIMERCATE-PSICHIATRIA-1-CPS-1 (CPS DI VIMERCATE)","ATS DELLA BRIANZA","ASST DELLA BRIANZA","VIMERCATE","MB",45.6132318,9.367784,3504,"CPS DI VIMERCATE",474,TRUE,1,1
"OSPEDALE ""ROSSI"" - CASALPUSTERLENGO-PSICHIATRIA-1-CPS-1 (CPS - CASALPUSTERLENGO)","ATS DELLA CITTA' METROPOLITANA DI MILANO","ASST DI LODI","CASALPUSTERLENGO","LO",45.1714,9.65223,3293,"CPS - CASALPUSTERLENGO",475,TRUE,1,1
"PRESIDIO OSPEDALIERO ""OSPEDALE DI CIRCOLO"" DI BUSTO ARSIZIO-NEFROLOGIA-1-CAL-1 (C.A.L. - CASTELLANZA)","ATS DELL'INSUBRIA","ASST DELLA VALLE OLONA","CASTELLANZA","VA",45.61253,8.89648,2974,"C.A.L. - CASTELLANZA",476,TRUE,1,1
"POLIAMBULATORIO SPECIALISTICO EXTRA-OSPEDALIERO - PAULLO-POLIAMBULATORIO-1-AMBULATORIO PRINCIPALE-1 (UOP - AMB. PAULLO)","ATS DELLA CITTA' METROPOLITANA DI MILANO","ASST MELEGNANO E DELLA MARTESANA","PAULLO","MI",45.4165094,9.399126,2750,"UOP - AMB. PAULLO",478,TRUE,1,1
"OSPEDALE DI VALLE CAMONICA - STABILIMENTO DI ESINE-NEFROLOGIA-1-CAL-2 (CAL EDOLO)","ATS DELLA MONTAGNA","ASST DELLA VALCAMONICA","EDOLO","BS",46.17835,10.33162,3276,"CAL EDOLO",480,TRUE,1,1
"CENTRO STUDI CURA DEPRESSIONE DONNA","ATS DELLA CITTA' METROPOLITANA DI MILANO","ASST FATEBENEFRATELLI SACCO","MILANO","MI",45.4664855,9.2190591,193,"CENTRO STUDI CURA DEPRESSIONE DONNA",482,TRUE,1,1
"HABILITA POLIAMBULATORIO ALBINO","ATS DI BERGAMO","ASST DI BERGAMO EST","ALBINO","BG",45.76609,9.78877,889,"HABILITA POLIAMBULATORIO ALBINO",483,TRUE,1,1
"OSPEDALE CIVILE - SAN GIOVANNI BIANCO-PSICHIATRIA-1-AMBULATORIO PRINCIPALE-1 (AMB. PSICHIATRICO ZOGNO)","ATS DI BERGAMO","ASST PAPA GIOVANNI XXIII","ZOGNO","BG",45.7939,9.66625,3584,"AMB. PSICHIATRICO ZOGNO",486,TRUE,1,1
"PAVIADENT","ATS DI PAVIA","ASST DI PAVIA","PAVIA","PV",45.18856,9.14602,995,"PAVIADENT",489,TRUE,1,1
"P.O. ""TRABATTONI RONZONI"" DI SEREGNO-EMODIALISI-1-CAL-1 (CAL SEREGNO)","ATS DELLA BRIANZA","ASST DELLA BRIANZA","SEREGNO","MB",45.65374,9.20494,3502,"CAL SEREGNO",490,TRUE,1,1
"PRESIDIO SANT'ANNA-PSICHIATRIA-1-CPS-2 (CPS APPIANO GENTILE)","ATS DELL'INSUBRIA","ASST LARIANA","APPIANO GENTILE","CO",45.7303755,8.9814017,3122,"CPS APPIANO GENTILE",491,TRUE,1,1
"POLIAMB. DI LAVENA PONTE TRESA","ATS DELL'INSUBRIA","ASST DEI SETTE LAGHI","LAVENA PONTE TRESA","VA",45.96591,8.85286,103,"POLIAMB. DI LAVENA PONTE TRESA",492,TRUE,1,1
"CENTRO MEDICINA PREVENTIVA SRL","ATS DELLA CITTA' METROPOLITANA DI MILANO","ASST MELEGNANO E DELLA MARTESANA","ROZZANO","MI",45.3786004,9.147981,641,"CENTRO MEDICINA PREVENTIVA SRL",493,TRUE,1,1
"POLIAMBULATORIO CLERICETTI","ATS DELLA CITTA' METROPOLITANA DI MILANO","ASST FATEBENEFRATELLI SACCO","MILANO","MI",45.4780764,9.2356882,1040,"POLIAMBULATORIO CLERICETTI",494,TRUE,1,1
"POLIAMBULATORIO DI DONGO","ATS DELLA MONTAGNA","ASST DELLA VALTELLINA E DELL'ALTO LARIO","DONGO","CO",46.12466,9.28177,2804,"POLIAMBULATORIO DI DONGO",496,TRUE,1,1
"OSPEDALE CIVILE VIGEVANO-PSICHIATRIA-1-AMBULATORIO PRINCIPALE-1 (C.P.S. MORTARA)","ATS DI PAVIA","ASST DI PAVIA","MORTARA","PV",45.24891015,8.73852686,3446,"C.P.S. MORTARA",498,TRUE,1,1
"PRESIDIO OSPEDALIERO S.CARLO BORROMEO-PSICHIATRIA-1-CPS-2 (CPS VIA MOSCA AREA NORD)","ATS DELLA CITTA' METROPOLITANA DI MILANO","ASST SANTI PAOLO E CARLO","MILANO","MI",45.4593535,9.0882039,3561,"CPS VIA MOSCA AREA NORD",500,TRUE,1,1
"SPORTMAN'S CENTER","ATS DI BERGAMO","ASST DI BERGAMO OVEST","OSIO SOTTO","BG",45.6081879,9.5859387,880,"SPORTMAN'S CENTER",501,TRUE,1,1
"AMB.PSICHIATRICO DI CARAVAGGIO","ATS DI BERGAMO","ASST DI BERGAMO OVEST","CARAVAGGIO","BG",45.49545,9.64613,153,"AMB.PSICHIATRICO DI CARAVAGGIO",502,TRUE,1,1
"OSPEDALE TREVIGLIO CARAVAGGIO-PSICHIATRIA-1-AMBULATORIO PRINCIPALE-1 (AMBULAT. PSICH. OSP.TREVIGLIO)","ATS DI BERGAMO","ASST DI BERGAMO OVEST","TREVIGLIO","BG",45.5101522,9.61005346,3644,"AMBULAT. PSICH. OSP.TREVIGLIO",503,TRUE,1,1
"C.P.S. AZZATE","ATS DELL'INSUBRIA","ASST DEI SETTE LAGHI","AZZATE","VA",45.7788237,8.7982712,22,"C.P.S. AZZATE",504,TRUE,1,1
"AMBULATORIO DI BORMIO","ATS DELLA MONTAGNA","ASST DELLA VALTELLINA E DELL'ALTO LARIO","BORMIO","SO",46.4613422,10.3595579,950,"AMBULATORIO DI BORMIO",505,TRUE,1,1
"OSPEDALE S. MARTINO - MEDE-MEDICINA GENERALE-1-CAL-1 (C.A.L. MEDE)","ATS DI PAVIA","ASST DI PAVIA","MEDE","PV",45.0915615,8.7307885,3438,"C.A.L. MEDE",508,TRUE,1,1
"YOSHITAKA S.R.L.","ATS DELLA CITTA' METROPOLITANA DI MILANO","ASST OVEST MILANESE","ABBIATEGRASSO","MI",45.392979,8.9238133,699,"YOSHITAKA S.R.L.",510,TRUE,1,1
"PO DI ISEO (UNICO PO CON STAB PALAZZOLO)-PSICHIATRIA-1-CPS-3 (CENTRO PSICOSOCIALE ORZINUOVI)","ATS DI BRESCIA","ASST DELLA FRANCIACORTA","ORZINUOVI","BS",45.4028863,9.9285856,2692,"CENTRO PSICOSOCIALE ORZINUOVI",511,TRUE,1,1
"OSPEDALE E. BASSINI-NEFROLOGIA-1-CAL-1 (POLIAMBULATORIO DI DIALISI OSPEDALE SESTO SAN GIOVANNI)","ATS DELLA CITTA' METROPOLITANA DI MILANO","ASST NORD MILANO","SESTO SAN GIOVANNI","MI",45.5366745,9.2252921,2682,"POLIAMBULATORIO DI DIALISI OSPEDALE SESTO SAN GIOVANNI",512,TRUE,1,1
"CASA DI CURA PRIVATA VILLA GEMMA SPA (UNICO PRESIDIO CON STAB  VB)-POLIAMBULATORIO-1-AMBULATORIO PRINCIPALE-1 (CASA DI CURA VILLA GEMMA)","ATS DI BRESCIA","ASST DEL GARDA","GARDONE RIVIERA","BS",45.6187241,10.5625992,3332,"CASA DI CURA VILLA GEMMA",514,TRUE,1,1
"MEDICAL EQUIPE SRL","ATS DI BERGAMO","ASST DI BERGAMO OVEST","CALUSCO D'ADDA","BG",45.69114,9.47832,869,"MEDICAL EQUIPE SRL",515,TRUE,1,1
"BELFIORE 5 SRL","ATS DELLA CITTA' METROPOLITANA DI MILANO","ASST MELEGNANO E DELLA MARTESANA","OPERA","MI",45.3733823,9.2107456,441,"BELFIORE 5 SRL",516,TRUE,1,1
"CENTRO MEDICINA SPORTIVA ASL MONZA E BRIANZA","ATS DELLA BRIANZA","ASST DI MONZA","MONZA","MB",45.5857,9.27822,8112,"CENTRO MEDICINA SPORTIVA ASL MONZA E BRIANZA",517,TRUE,1,1
"NUOVO OSPEDALE DI VIMERCATE-PSICHIATRIA-1-CPS-2 (CENTRO PSICO SOCIALE BESANA B.)","ATS DELLA BRIANZA","ASST DELLA BRIANZA","BESANA IN BRIANZA","MB",45.7001014,9.286255,3352,"CENTRO PSICO SOCIALE BESANA B.",521,TRUE,1,1
"OSPEDALE S. GERARDO DI MONZA-PSICHIATRIA-1-AMBULATORIO PRINCIPALE-1 (AMBULATORIO PSICHIATRICO BRUGHERIO)","ATS DELLA BRIANZA","ASST DI MONZA","BRUGHERIO","MB",45.5583352,9.3077278,3424,"AMBULATORIO PSICHIATRICO BRUGHERIO",522,TRUE,1,1
"CENTRO DI MEDICINA SPORTIVA SRL","ATS DELLA BRIANZA","ASST DI LECCO","DERVIO","LC",46.0784,9.30399,853,"CENTRO DI MEDICINA SPORTIVA",524,TRUE,1,1
"CARLO POMA-PSICHIATRIA-1-CPS-2 (CPS. PSICHIATRIA - VIADANA)","ATS DELLA VAL PADANA","ASST DI CREMONA","VIADANA","MN",44.92611,10.52256,3005,"CPS. PSICHIATRIA - VIADANA",526,TRUE,1,1
"NUOVO OSPEDALE DI VIMERCATE-PSICHIATRIA-1-AMBULATORIO PRINCIPALE-1 (AMBULATORIO PSICHIATRICO CARATE BRIANZA)","ATS DELLA BRIANZA","ASST DELLA BRIANZA","CARATE BRIANZA","MB",45.6782559,9.2329065,3139,"AMBULATORIO PSICHIATRICO CARATE BRIANZA",529,TRUE,1,1
"STRUTTURA RICOVERO E CURA  DI SONDRIO-NEUROPSICHIATRIA INFANTILE-1-POLO TERRITORIALE-6 (AMBULATORIO PSIC. DI DONGO)","ATS DELLA MONTAGNA","ASST DELLA VALTELLINA E DELL'ALTO LARIO","DONGO","CO",46.12542,9.27994,3528,"AMBULATORIO PSIC. DI DONGO",530,TRUE,1,1
"PRESIDIO OSPEDALIERO DI MELZO-GORGONZOLA (STAB DI MELZO)-PSICHIATRIA-1-CPS-2 (CPS VAPRIO D'ADDA)","ATS DELLA CITTA' METROPOLITANA DI MILANO","ASST MELEGNANO E DELLA MARTESANA","VAPRIO D'ADDA","MI",45.57358,9.52821,2756,"CPS VAPRIO D'ADDA",531,TRUE,1,1
"STRUTTURA RICOVERO E CURA  DI SONDRIO-EMODIALISI-1-CAL-3 (C.A.L. SONDALO)","ATS DELLA MONTAGNA","ASST DELLA VALTELLINA E DELL'ALTO LARIO","SONDALO","SO",46.33266,10.33407,2855,"C.A.L. SONDALO",533,TRUE,1,1
"OSPEDALE DI LENO (STAB DEL PO DI MANERBIO)-POLIAMBULATORIO-1-AMBULATORIO PRINCIPALE-1 (OSPEDALE DI LENO - AMBULATORI)","ATS DI BRESCIA","ASST DEL GARDA","LENO","BS",45.36551,10.21723,2768,"OSPEDALE DI LENO - AMBULATORI",534,TRUE,1,1
"OSPEDALE PAPA GIOVANNI XXIII-POLIAMBULATORIO DI MEDICINA SPORTIVA-1-AMBULATORIO DI MEDICINA SPORTIVA-1 (CENTRO MEDICINA DELLO SPORT BORGO PALAZZO)","ATS DI BERGAMO","ASST PAPA GIOVANNI XXIII","BERGAMO","BG",45.69284586,9.69678711,3579,"CENTRO MEDICINA DELLO SPORT BORGO PALAZZO",535,TRUE,1,1
"PRESIDIO OSPEDALIERO DI CREMONA-PSICHIATRIA-1-AMBULATORIO PRINCIPALE-1 (AMB. DIVISIONALE UOP 29 CR)","ATS DELLA VAL PADANA","ASST DI CREMONA","CREMONA","CR",45.13012,10.05196,2992,"AMB. DIVISIONALE UOP 29 CR",536,TRUE,1,1
"STABILIMENTO OSPEDALIERO DI LEGNANO-PSICHIATRIA-1-CPS-3 (CPS - PARABIAGO)","ATS DELLA CITTA' METROPOLITANA DI MILANO","ASST OVEST MILANESE","PARABIAGO","MI",45.55886,8.9516,2524,"CPS - PARABIAGO",537,TRUE,1,1
"PO ASOLA E BOZZOLO (STAB ASOLA)-EMODIALISI-1-CAL-1 (C.A.L. - ASOLA)","ATS DELLA VAL PADANA","ASST DI MANTOVA","ASOLA","MN",45.2237223,10.4120074,3218,"C.A.L. - ASOLA",539,TRUE,1,1
"C.P.S. - MERATE","ATS DELLA BRIANZA","ASST DI LECCO","MERATE","LC",45.6991524,9.4146249,43,"C.P.S. - MERATE",541,TRUE,1,1
"ISTITUTO GERIATRICO P.REDAELLI DI MILANO","ATS DELLA CITTA' METROPOLITANA DI MILANO","ASST SANTI PAOLO E CARLO","MILANO","MI",45.4595933,9.1381581,688,"ISTITUTO GERIATRICO P.REDAELLI",542,TRUE,1,1
"PO DI ISEO (UNICO PO CON STAB PALAZZOLO)-PSICHIATRIA-1-CPS-1 (CENTRO PSICOSOCIALE ISEO)","ATS DI BRESCIA","ASST DELLA FRANCIACORTA","ISEO","BS",45.6625,10.05131,2699,"CENTRO PSICOSOCIALE ISEO",544,TRUE,1,1
"STRUTTURA RICOVERO E CURA  DI SONDRIO-PSICHIATRIA-1-CPS-4 (CPS CHIAVENNA)","ATS DELLA MONTAGNA","ASST DELLA VALTELLINA E DELL'ALTO LARIO","CHIAVENNA","SO",46.3214066,9.3991661,3202,"CPS CHIAVENNA",545,TRUE,1,1
"STRUTTURA RICOVERO E CURA  DI SONDRIO-EMODIALISI-1-CAL-1 (C.A.L. - CHIAVENNA)","ATS DELLA MONTAGNA","ASST DELLA VALTELLINA E DELL'ALTO LARIO","CHIAVENNA","SO",46.3214066,9.3991661,3270,"C.A.L. - CHIAVENNA",548,TRUE,1,1
"PRESIDIO SANT'ANNA-PSICHIATRIA-1-CPS-4 (CPS - LONGONE AL SEGRINO)","ATS DELL'INSUBRIA","ASST LARIANA","LONGONE AL SEGRINO","CO",45.8172857,9.254204,3125,"CPS - LONGONE AL SEGRINO",550,TRUE,1,1
"CENTRO MEDICO FISIOTERAPICO DE VITA SRL","ATS DELLA CITTA' METROPOLITANA DI MILANO","ASST MELEGNANO E DELLA MARTESANA","PANTIGLIATE","MI",45.4345408,9.3551455,687,"CENTRO MEDICO FISIOTERAPICO DE VITA SRL",552,TRUE,1,1
"OSPEDALE - ANGERA-EMODIALISI-1-CAL-1 (C.A.L. - ANGERA)","ATS DELL'INSUBRIA","ASST DEI SETTE LAGHI","ANGERA","VA",45.7753572,8.5780536,3050,"C.A.L. - ANGERA",554,TRUE,1,1
"KOUROS STUDIO DI FISIOTERAPIA","ATS DELLA CITTA' METROPOLITANA DI MILANO","ASST SANTI PAOLO E CARLO","MILANO","MI",45.4508139,9.1848675,718,"KOUROS STUDIO DI FISIOTERAPIA",555,TRUE,1,1
"PRESIDIO OSPEDALIERO OSPEDALE NIGUARDA CA' GRANDA-PSICHIATRIA-1-AMBULATORIO PRINCIPALE-1 (AMB. OSPEDALIERO - PSICHIATRIA 1 - DIVISIONALE)","ATS DELLA CITTA' METROPOLITANA DI MILANO","ASST GRANDE OSPEDALE METROPOLITANO NIGUARDA","MILANO","MI",45.50626,9.1883,3587,"AMB. OSPEDALIERO - PSICHIATRIA 1 - DIVISIONALE",559,TRUE,1,1
"PO DI ISEO (UNICO PO CON STAB PALAZZOLO)-PSICHIATRIA-1-CPS-2 (CENTRO PSICOSOCIALE ROVATO)","ATS DI BRESCIA","ASST DELLA FRANCIACORTA","ROVATO","BS",45.565042,9.997406,2702,"CENTRO PSICOSOCIALE ROVATO",560,TRUE,1,1
"AMBULATORIO PSICHIATRICO DI BREMBATE DI SOPRA","ATS DI BERGAMO","ASST DI BERGAMO OVEST","BREMBATE DI SOPRA","BG",45.72037,9.5844,152,"AMBULATORIO PSICHIATRICO DI BREMBATE DI SOPRA",563,TRUE,1,1
"PRESIDIO OSPEDALIERO S.CARLO BORROMEO-PSICHIATRIA-1-CPS-3 (CPS CORSICO AREA NORD OVEST)","ATS DELLA CITTA' METROPOLITANA DI MILANO","ASST RHODENSE","CORSICO","MI",45.4447818,9.1126106,3556,"CPS CORSICO AREA NORD OVEST",567,TRUE,1,1
"OSPEDALE PAPA GIOVANNI XXIII-PSICHIATRIA-2-CPS-1 (C.P.S. VIA TITO LIVIO)","ATS DI BERGAMO","ASST PAPA GIOVANNI XXIII","BERGAMO","BG",45.71206,9.68415,3581,"C.P.S. VIA TITO LIVIO",568,TRUE,1,1
"PRESIDIO UNICO MAGENTA - ABBIATEGRASSO (STAB DI MAGENTA)-PSICHIATRIA-1-CPS-1 (CPS - MAGENTA)","ATS DELLA CITTA' METROPOLITANA DI MILANO","ASST OVEST MILANESE","MAGENTA","MI",45.4684985,8.8863965,2515,"CPS - MAGENTA",569,TRUE,1,1
"STRUTTURA RICOVERO E CURA DI MORBEGNO-PSICHIATRIA-1-AMBULATORIO PRINCIPALE-1 (ATTIVITA' AMBULATORIALE PSICHIATRICA MORBEGNO)","ATS DELLA MONTAGNA","ASST DELLA VALTELLINA E DELL'ALTO LARIO","MORBEGNO","SO",46.13389,9.57433,3134,"ATTIVITA' AMBULATORIALE PSICHIATRICA MORBEGNO",570,TRUE,1,1
"OSPEDALE TREVIGLIO CARAVAGGIO-PSICHIATRIA-1-CPS-1 (C.P.S. - AMBUL. BONATE SOTTO)","ATS DI BERGAMO","ASST DI BERGAMO OVEST","BONATE SOTTO","BG",45.664659,9.5523918,3578,"C.P.S. - AMBUL. BONATE SOTTO",572,TRUE,1,1
"ISTITUTO FISIOKINESITERAPICO S.R.L.","ATS DI PAVIA","ASST DI PAVIA","CASTEGGIO","PV",45.0172139,9.1322096,1025,"ISTITUTO FISIOKINESITERAPICO S.R.L.",573,TRUE,1,1
"FISIOKINESITERAPIA SANITAS DI PROVENZI G.FRANCO & C. S.A.S.","ATS DELLA VAL PADANA","ASST DI CREMA","SONCINO","CR",45.4019237,9.8659323,989,"FISIOKINESITERAPIA SANITAS",574,TRUE,1,1
"OSPEDALE DI SALO'  (STAB DEL PO DI GAVARDO)-PSICHIATRIA-1-CPS-1 (CPS SALO')","ATS DI BRESCIA","ASST DEL GARDA","SALO'","BS",45.6051946,10.5221898,2779,"CPS SALO'",576,TRUE,1,1
"ODONTOPROTESI BUENOS AYRES S.R.L.","ATS DELLA CITTA' METROPOLITANA DI MILANO","ASST FATEBENEFRATELLI SACCO","MILANO","MI",45.4804245,9.2108269,655,"ODONTOPROTESI BUENOS AYRES",577,TRUE,1,1
"OSPEDALE CIVILE VIGEVANO-NEFROLOGIA-1-CAL-1 (C.A.L. OSPEDALE CASORATE)","ATS DI PAVIA","ASST DI PAVIA","CASORATE PRIMO","PV",45.31227,9.01901,2854,"C.A.L. OSPEDALE CASORATE",578,TRUE,1,1
"PRESIDIO SANT'ANNA-PSICHIATRIA-1-AMBULATORIO PRINCIPALE-1 (AMB. PSICHIATRICO PORLEZZA)","ATS DELL'INSUBRIA","ASST LARIANA","PORLEZZA","CO",46.03627,9.11749,3520,"AMB. PSICHIATRICO PORLEZZA",580,TRUE,1,1
"AMB. PSICHIATRIA - INTROBIO","ATS DELLA BRIANZA","ASST DI LECCO","INTROBIO","LC",45.97282,9.44675,129,"AMB. PSICHIATRIA - INTROBIO",582,TRUE,1,1
"OSPEDALE  ""G.SALVINI""-PSICHIATRIA-1-CPS-1 (CPS BOLLATE)","ATS DELLA CITTA' METROPOLITANA DI MILANO","ASST RHODENSE","BOLLATE","MI",45.540966,9.1145752,2603,"CPS BOLLATE",583,TRUE,1,1
"OSPEDALE SAN PAOLO-POLIAMBULATORIO-1 (POLIAMB. ODONTO BELDILETTO - MILANO)","ATS DELLA CITTA' METROPOLITANA DI MILANO","ASST SANTI PAOLO E CARLO","MILANO","MI",45.4367114,9.1628515,77,"POLIAMB. ODONTO BELDILETTO - MILANO",584,TRUE,1,1
"PRESIDIO ALESSANDRO MANZONI DI LECCO-PSICHIATRIA-1-AMBULATORIO PRINCIPALE-1 (AMB.PSICHIATRIA - BELLANO)","ATS DELLA BRIANZA","ASST DI LECCO","BELLANO","LC",46.0482531,9.3068703,2927,"AMB.PSICHIATRIA - BELLANO",585,TRUE,1,1
"OSPEDALE SAN PAOLO-PSICHIATRIA-1-CPS-2 (CPS ROZZANO AREA SUD OVEST)","ATS DELLA CITTA' METROPOLITANA DI MILANO","ASST MELEGNANO E DELLA MARTESANA","ROZZANO","MI",45.3934125,9.166041,3558,"CPS ROZZANO AREA SUD OVEST",586,TRUE,1,1
"PRESIDIO OSPEDALIERO OGLIO PO-PSICHIATRIA-1-CPS-1 (CPS CASALMAGGIORE)","ATS DELLA VAL PADANA","ASST DI CREMONA","CASALMAGGIORE","CR",44.9909392,10.415348,2995,"CPS CASALMAGGIORE",590,TRUE,1,1
"PRESIDIO OSPEDALIERO DI MONTICHIARI-PSICHIATRIA-1-CPS-2 (CPS 2 - 4° CPS MONTICHIARI)","ATS DI BRESCIA","ASST DEL GARDA","MONTICHIARI","BS",45.41466,10.39324,2612,"4° CPS MONTICHIARI",591,TRUE,1,1
"OSPEDALE S. GERARDO DI MONZA-PSICHIATRIA-1-CPS-1 (CENTRO PSICO SOCIALE MONZA)","ATS DELLA BRIANZA","ASST DI MONZA","MONZA","MB",45.58582,9.28026,3426,"CENTRO PSICO SOCIALE MONZA",594,TRUE,1,1
"CENTRO MEDICO DI LISSONE-RIABILITAZIONE SPECIALISTICA-1-AMBULATORIO PRINCIPALE-1 (ISTITUTO SCIENTIFICO DI LISSONE  )","ATS DELLA BRIANZA","ASST DELLA BRIANZA","LISSONE","MB",45.62059,9.23732,8043,"ISTITUTO SCIENTIFICO DI LISSONE",595,TRUE,1,1
"OSPEDALE SAN PAOLO-PSICHIATRIA-2-CPS-2 (CPS CENTRO GIOVANI)","ATS DELLA CITTA' METROPOLITANA DI MILANO","ASST SANTI PAOLO E CARLO","MILANO","MI",45.4424349,9.1571709,3562,"CPS CENTRO GIOVANI",596,TRUE,1,1
"FONDAZIONE EUROPEA DI RICERCA BIOMEDICA FERB- ONLUS-RIABILITAZIONE SPECIALISTICA-1-AMBULATORIO PRINCIPALE-1 (CENTRO ALZHEIMER GAZZANIGA)","ATS DI BERGAMO","ASST DI BERGAMO EST","GAZZANIGA","BG",45.79497,9.82993,3261,"CENTRO ALZHEIMER GAZZANIGA",599,TRUE,1,1
"AMBULATORIO DI PSICHIATRIA","ATS DELLA CITTA' METROPOLITANA DI MILANO","ASST FATEBENEFRATELLI SACCO","MILANO","MI",45.4793923,9.1920848,194,"AMBULATORIO DI PSICHIATRIA",600,TRUE,1,1
"NUOVA DIMENSIONE SPORT SRL","ATS DELLA CITTA' METROPOLITANA DI MILANO","ASST RHODENSE","SENAGO","MI",45.5725764,9.1189207,683,"NUOVA DIMENSIONE SPORT SRL",602,TRUE,1,1
"CENTRO AMBROSIANO DI MEDICINA DELLO SPORT SAS DI MAGNIFICO SONIA","ATS DELLA CITTA' METROPOLITANA DI MILANO","ASST SANTI PAOLO E CARLO","MILANO","MI",45.4386604,9.1522251,622,"CENTRO AMBROSIANO DI MEDICINA DELLO SPORT",604,TRUE,1,1
"PRESIDIO OSPEDALIERO DI LODI-NEFROLOGIA-1-CAL-1 (SERVIZIO DIALISI - LODI)","ATS DELLA CITTA' METROPOLITANA DI MILANO","ASST DI LODI","LODI","LO",45.31551,9.51035,2898,"SERVIZIO DIALISI - LODI",610,TRUE,1,1
"NEPHROCARE SPA-NEFROLOGIA-1-CAL-1 (U.O EMODIALISI 1 - SERIATE)","ATS DI BERGAMO","ASST DI BERGAMO EST","SERIATE","BG",45.6833153,9.71663598,3190,"U.O EMODIALISI 1 - SERIATE",611,TRUE,1,1
"CENTRO DI RICERCHE CLINICHE PER LE MALATTIE RARE ALDO E CELE DACCÒ-SERVIZIO DI MEDICINA DI LABORATORIO-1-SMEL-1 (CENTRO DI RICERCHE CLINICHE PER LE MALATTIE RARE ALDO E CELE DACCO')","ATS DI BERGAMO","ASST DI BERGAMO EST","RANICA","BG",45.7288375,9.7117316,6459,"CENTRO DI RICERCHE CLINICHE PER LE MALATTIE RARE ALDO E CELE DACCO'",612,TRUE,1,1
"PRESIDIO OSPEDALIERO DI LODI-PSICHIATRIA-1-CPS-2 (CPS - S. ANGELO LODIGIANO)","ATS DELLA CITTA' METROPOLITANA DI MILANO","ASST DI LODI","SANT'ANGELO LODIGIANO","LO",45.23836,9.41707,2832,"CPS - S. ANGELO LODIGIANO",616,TRUE,1,1
"PRESIDIO OSPEDALIERO ""DELMATI"" - S. ANGELO LODIGIANO-EMODIALISI-1-CAL-1 (CAL DIALISI - S. ANGELO L.)","ATS DELLA CITTA' METROPOLITANA DI MILANO","ASST DI LODI","SANT'ANGELO LODIGIANO","LO",45.22852,9.41707,2834,"CAL DIALISI - S. ANGELO L.",617,TRUE,1,1
"PRESIDIO OSPEDALIERO ""PESENTI-FENAROLI"" - ALZANO LOMBARDO-PSICHIATRIA-1-AMBULATORIO PRINCIPALE-1 (AMBULATORIO PSICHIATRICO - LOVERE)","ATS DI BERGAMO","ASST DI BERGAMO EST","LOVERE","BG",45.81717,10.07278,3153,"AMBULATORIO PSICHIATRICO - LOVERE",621,TRUE,1,1
"PRESIDIO SANT'ANNA-PSICHIATRIA-1-CPS-5 (C.P.S. OSSUCCIO)","ATS DELL'INSUBRIA","ASST LARIANA","TREMEZZINA","CO",45.98492,9.22891,3519,"C.P.S. OSSUCCIO",622,TRUE,1,1
"OSPEDALE  ""G.SALVINI""-PSICHIATRIA-1-CPS-4 (CPS 2 - SETTIMO  MILANESE)","ATS DELLA CITTA' METROPOLITANA DI MILANO","ASST RHODENSE","SETTIMO MILANESE","MI",45.4824461,9.0536692,3073,"CPS 2 - SETTIMO  MILANESE",623,TRUE,1,1
"PRESIDIO OSPEDALIERO ""OSPEDALE DI CIRCOLO"" DI BUSTO ARSIZIO-PSICHIATRIA-1-CPS-2 (CENTRO PSICO SOCIALE - TRADATE)","ATS DELL'INSUBRIA","ASST DEI SETTE LAGHI","TRADATE","VA",45.71139,8.90037,2978,"CENTRO PSICO SOCIALE - TRADATE",626,TRUE,1,1
"PO ASOLA E BOZZOLO (STAB ASOLA)-PSICHIATRIA-1-AMBULATORIO PRINCIPALE-1 (AMB. PSICHIATRIA - ASOLA)","ATS DELLA VAL PADANA","ASST DI MANTOVA","ASOLA","MN",45.2237223,10.4120074,7691,"AMB. PSICHIATRIA - ASOLA",629,TRUE,1,1
"CENTRO DI FISIOLOGIA SPORTIVA STUDIO MEDICO ASSOCIATO DEI DOTTORI PIERO E ANNA AGHEMO","ATS DELLA CITTA' METROPOLITANA DI MILANO","ASST FATEBENEFRATELLI SACCO","MILANO","MI",45.4790416,9.2012958,720,"CENTRO DI FISIOLOGIA SPORTIVA",630,TRUE,1,1
"CARLO POMA-PSICHIATRIA-1-CPS-1 (CPS. PSICHIATRIA - MANTOVA)","ATS DELLA VAL PADANA","ASST DI MANTOVA","MANTOVA","MN",45.15009,10.7861,3213,"CPS. PSICHIATRIA - MANTOVA",631,TRUE,1,1
"PRESIDIO OSPEDALIERO OSPEDALE NIGUARDA CA' GRANDA-POLIAMBULATORIO-1-AMBULATORIO PRINCIPALE-1 (CENTRO ODONTOSTOMATOLOGICO)","ATS DELLA CITTA' METROPOLITANA DI MILANO","ASST GRANDE OSPEDALE METROPOLITANO NIGUARDA","MILANO","MI",45.51883,9.16365,2851,"CENTRO ODONTOSTOMATOLOGICO",638,TRUE,1,1
"CENTRO MEDICO DI PAVIA-RIABILITAZIONE SPECIALISTICA-1-AMBULATORIO PRINCIPALE-1 (CENTRO RIAB. VISIVA MAUGERI)","ATS DI PAVIA","ASST DI PAVIA","PAVIA","PV",45.2035,9.14266,3407,"CENTRO RIAB. VISIVA MAUGERI",640,TRUE,1,1
"PO DI ISEO (UNICO PO CON STAB PALAZZOLO)-EMODIALISI-1-CAL-1 (C.A.D. ISEO)","ATS DI BRESCIA","ASST DELLA FRANCIACORTA","ISEO","BS",45.66085,10.04917,2691,"C.A.D. ISEO",641,TRUE,1,1
"STRUTTURA RICOVERO E CURA  DI SONDRIO-EMODIALISI-1-CAL-2 (C.A.L. - MORBEGNO)","ATS DELLA MONTAGNA","ASST DELLA VALTELLINA E DELL'ALTO LARIO","MORBEGNO","SO",46.13389,9.57433,3137,"C.A.L. - MORBEGNO",642,TRUE,1,1
"PRESIDIO SANT'ANNA-NEFROLOGIA-1-CAL-1 (CAL DI LONGONE AL SEGRINO)","ATS DELL'INSUBRIA","ASST LARIANA","LONGONE AL SEGRINO","CO",45.8172857,9.254204,3130,"CAL DI LONGONE AL SEGRINO",643,TRUE,1,1
"CASA DI CURA FONDAZIONE GAETANO E PIERA BORGHI-POLIAMBULATORIO-1-AMBULATORIO PRINCIPALE-1 (CASA DI CURA FONDAZIONE GAETANO E PIERA BORGHI SRL)","ATS DELL'INSUBRIA","ASST DEI SETTE LAGHI","BREBBIA","VA",45.832973,8.6586922,3117,"CASA DI CURA FONDAZIONE GAETANO E PIERA BORGHI SRL",645,TRUE,1,1
"PO DI PALAZZOLO S/O (STAB DEL PO DI ISEO)-EMODIALISI-1-CAL-1 (C.A.D. PALAZZOLO)","ATS DI BRESCIA","ASST DELLA FRANCIACORTA","PALAZZOLO SULL'OGLIO","BS",45.60009,9.88596,2700,"C.A.D. PALAZZOLO",646,TRUE,1,1
"ODONTOIATRICO SEREGNO SRL","ATS DELLA BRIANZA","ASST DELLA BRIANZA","SEREGNO","MB",45.6512169,9.2040958,814,"ODONTOIATRICO SEREGNO SRL",648,TRUE,1,1
"MEDICAL SPORT","ATS DI BRESCIA","ASST DEGLI SPEDALI CIVILI DI BRESCIA","BRESCIA","BS",45.5513986,10.183661,743,"MEDICAL SPORT",649,TRUE,1,1
"OSPEDALE CIVILE DESTRA SECCHIA-EMODIALISI-1-CAL-1 (C.A.L. - BORGO MANTOVANO)","ATS DELLA VAL PADANA","ASST DI MANTOVA","BORGO MANTOVANO","MN",45.03374,11.11883,3003,"C.A.L. - BORGO MANTOVANO",651,TRUE,1,1
"PRESIDIO SANT'ANNA-PSICHIATRIA-1-CPS-1 (CPS COMO)","ATS DELL'INSUBRIA","ASST LARIANA","COMO","CO",45.79022,9.09,3522,"CPS COMO",654,TRUE,1,1
"PRESIDIO OSPEDALIERO DI MONTICHIARI-POLIAMBULATORIO DI MEDICINA SPORTIVA-1-AMBULATORIO DI MEDICINA SPORTIVA-1 (AMBULATORIO DI MED.SPORTIVA-MONTICHIARI)","ATS DI BRESCIA","ASST DEL GARDA","MONTICHIARI","BS",45.41061,10.40651,2615,"AMBULATORIO DI MED.SPORTIVA-MONTICHIARI",658,TRUE,1,1
"AMB. OSPEDALIERO - PSICHIATRIA 1 - CONSULENZA MMG","ATS DELLA CITTA' METROPOLITANA DI MILANO","ASST GRANDE OSPEDALE METROPOLITANO NIGUARDA","MILANO","MI",45.5092318,9.1886947,74,"AMB. OSPEDALIERO - PSICHIATRIA 1 - CONSULENZA MMG",659,TRUE,1,1
"CENTRO MEDICINA DELLO SPORT ASL MONZA E BRIANZA","ATS DELLA BRIANZA","ASST DI MONZA","BRUGHERIO","MB",45.55723,9.30116,8113,"CENTRO MEDICINA DELLO SPORT ASL MONZA E BRIANZA",660,TRUE,1,1
"PO ASOLA E BOZZOLO (STAB ASOLA)-PSICHIATRIA-1-CPS-1 (C.P.S. PSICH.-CASTIGLIONE D/S)","ATS DELLA VAL PADANA","ASST DI MANTOVA","CASTIGLIONE DELLE STIVIERE","MN",45.3890381,10.4926631,2997,"C.P.S. PSICH.-CASTIGLIONE D/S",661,TRUE,1,1
"OSPEDALE S. GERARDO DI MONZA-NEFROLOGIA-1-CAL-2 (CAL-CENTRO ASSISTENZA LIMITATA LISSONE)","ATS DELLA BRIANZA","ASST DELLA BRIANZA","LISSONE","MB",45.61994,9.23761,3429,"CAL-CENTRO ASSISTENZA LIMITATA LISSONE",663,TRUE,1,1
"PRESIDIO OSPEDALIERO ""OSPEDALE DI CIRCOLO"" DI BUSTO ARSIZIO-NEFROLOGIA-1-AMBULATORIO PRINCIPALE-1 (SERV.EMODIALISI-P.O.BUSTO A.)","ATS DELL'INSUBRIA","ASST DELLA VALLE OLONA","BUSTO ARSIZIO","VA",45.62347809,8.84665176,2988,"SERV.EMODIALISI-P.O.BUSTO A.",664,TRUE,1,1
"FONDAZIONE ISTITUTO NEUROLOGICO NAZIONALE CASIMIRO MONDINO-POLIAMBULATORIO-1-AMBULATORIO PRINCIPALE-1 (POLIAMB. IRCCS MONDINO)","ATS DI PAVIA","ASST DI PAVIA","PAVIA","PV",45.2027,9.13356,3408,"POLIAMB. IRCCS MONDINO",667,TRUE,1,1
"OSPEDALE SAN PAOLO-NEFROLOGIA-1-CAL-2 (C.A.L. -  V.LE LAZIO - ROZZANO)","ATS DELLA CITTA' METROPOLITANA DI MILANO","ASST MELEGNANO E DELLA MARTESANA","ROZZANO","MI",45.3869797,9.1598214,3624,"C.A.L. -  V.LE LAZIO - ROZZANO",668,TRUE,1,1
"CENTRO DI MEDICINA DELLO SPORT SEBINO DI SORLINI EMILIA & C SAS","ATS DI BERGAMO","ASST DI BERGAMO EST","LOVERE","BG",45.8170845,10.0684448,857,"CENTRO DI MEDICINA DELLO SPORT SEBINO DI SORLINI EMILIA & C SAS",669,TRUE,1,1
"MEDICINA ISBER","ATS DELL'INSUBRIA","ASST DEI SETTE LAGHI","VARESE","VA",45.82223,8.83155,762,"MEDICINA ISBER",671,TRUE,1,1
"UNICO PRESIDIO CANTÙ - MARIANO (STAB DI MARIANO COMENSE)-EMODIALISI-1-CAL-1 (CAL DI MARIANO COMENSE)","ATS DELL'INSUBRIA","ASST LARIANA","MARIANO COMENSE","CO",45.6911,9.18546,3059,"CAL DI MARIANO COMENSE",674,TRUE,1,1
"NUOVO OSPEDALE DI VIMERCATE-NEFROLOGIA-1-CAL-1 (C.A.L. DI AGRATE BRIANZA)","ATS DELLA BRIANZA","ASST DELLA BRIANZA","AGRATE BRIANZA","MB",45.57373,9.35496599,3505,"C.A.L. DI AGRATE BRIANZA",675,TRUE,1,1
"NEPHROCARE SPA-NEFROLOGIA-1-CAL-1 (U.O. EMODIALISI SARNICO)","ATS DI BERGAMO","ASST DI BERGAMO EST","SARNICO","BG",45.67039,9.95526,3260,"U.O. EMODIALISI SARNICO",680,TRUE,1,1
"SERVIZIO MEDICINA SPORT","ATS DELL'INSUBRIA","ASST LARIANA","COMO","CO",45.79022,9.09,29,"SERVIZIO MEDICINA SPORT",681,TRUE,1,1
"PRESIDIO OSPEDALIERO OSPEDALE NIGUARDA CA' GRANDA-NEFROLOGIA (ABILITAZIONE TRAPIANTO RENE)-1-CAL-1 (C.A.L. - CORSICO)","ATS DELLA CITTA' METROPOLITANA DI MILANO","ASST RHODENSE","CORSICO","MI",45.4447818,9.1126106,3483,"C.A.L. - CORSICO",684,TRUE,1,1
"OSPEDALE SAN PAOLO-PSICHIATRIA-2-CPS-1 (CPS AREA EST OVADA)","ATS DELLA CITTA' METROPOLITANA DI MILANO","ASST SANTI PAOLO E CARLO","MILANO","MI",45.4334686,9.1580283,3565,"CPS AREA EST OVADA",685,TRUE,1,1
"DENTAL CENTER STUDIO DENTISTICO DOTT.SSA CRISTINA ABBIATI","ATS DI PAVIA","ASST DI PAVIA","CASORATE PRIMO","PV",45.31268,9.02218,1023,"DENTAL CENTER STUDIO DENTISTICO DOTT.SSA CRISTINA ABBIATI",687,TRUE,1,1
"PRESIDIO OSPEDALIERO DI MELZO-GORGONZOLA (STAB DI GORGONZOLA)-EMODIALISI-1-CAL-1 (CAL GORGONZOLA)","ATS DELLA CITTA' METROPOLITANA DI MILANO","ASST MELEGNANO E DELLA MARTESANA","GORGONZOLA","MI",45.53461,9.41287,2825,"CAL GORGONZOLA",688,TRUE,1,1
"OSPEDALE S. GERARDO DI MONZA-NEFROLOGIA-1-CAL-1 (CAL-CENTRO ASSISTENZA LIMITATA MONZA)","ATS DELLA BRIANZA","ASST DI MONZA","MONZA","MB",45.60047,9.25998,3432,"CAL-CENTRO ASSISTENZA LIMITATA MONZA",690,TRUE,1,1
"OSPEDALE SAN PAOLO-NEFROLOGIA-1-CAL-1 (C.A.L. - MOMPIANI - MILANO)","ATS DELLA CITTA' METROPOLITANA DI MILANO","ASST FATEBENEFRATELLI SACCO","MILANO","MI",45.437857,9.2221642,3559,"C.A.L. - MOMPIANI - MILANO",694,TRUE,1,1
"CAD/CAL DI VIA NAPOLEONA","ATS DELL'INSUBRIA","ASST LARIANA","COMO","CO",45.79022,9.09,31,"CAL DI VIA NAPOLEONA",697,TRUE,1,1
"IL PUNTO MEDICO SPORTIVO SRL","ATS DI BERGAMO","ASST PAPA GIOVANNI XXIII","GORLE","BG",45.69627,9.71043,862,"IL PUNTO MEDICO SPORTIVO SRL",700,TRUE,1,1
"PRESIDIO OSPEDALIERO DI CASTIGLIONE D/STIVIERE-EMODIALISI-2-CAL-1 (U.O. EMODIALISI - CAL)","ATS DELLA VAL PADANA","ASST DI MANTOVA","CASTIGLIONE DELLE STIVIERE","MN",45.3890381,10.4926631,3339,"U.O. EMODIALISI - CAL",707,TRUE,1,1
"CENTRO MED. SPORT MORBEGNO","ATS DELLA MONTAGNA","ASST DELLA VALTELLINA E DELL'ALTO LARIO","MORBEGNO","SO",46.13389,9.57433,38,"CENTRO MED. SPORT MORBEGNO",709,TRUE,1,1
"PRESIDIO OSPEDALIERO ""OSPEDALE DI CIRCOLO GALMARINI"" DI TRADATE-SERVIZIO DI MEDICINA DI LABORATORIO-1-SMEL-1 (SERV.EMODIALISI-P.O.TRADATE)","ATS DELL'INSUBRIA","ASST DEI SETTE LAGHI","TRADATE","VA",45.72344,8.90082,3295,"SERV.EMODIALISI-P.O.TRADATE",712,TRUE,1,1
"OSPEDALE ""ROSSI"" - CASALPUSTERLENGO-POLIAMBULATORIO DI MEDICINA SPORTIVA-1-AMBULATORIO DI MEDICINA SPORTIVA-1 (AMB.MED.SPORT.CASALPUSTERLENGO)","ATS DELLA CITTA' METROPOLITANA DI MILANO","ASST DI LODI","CASALPUSTERLENGO","LO",45.16924402,9.6502918,2899,"AMB.MED.SPORT.CASALPUSTERLENGO",713,TRUE,1,1
"OSPEDALE ""ROSSI"" - CASALPUSTERLENGO-EMODIALISI-1-CAL-1 (CAL DIALISI - CASALPUSTERLENGO)","ATS DELLA CITTA' METROPOLITANA DI MILANO","ASST DI LODI","CASALPUSTERLENGO","LO",45.16924402,9.6502918,2833,"CAL DIALISI - CASALPUSTERLENGO",714,TRUE,1,1
"PRESIDIO OSPEDALE S. MARTA-EMODIALISI-1-CAL-1 (C.A.L. RIVOLTA D'ADDA)","ATS DELLA VAL PADANA","ASST DI CREMA","RIVOLTA D'ADDA","CR",45.4683641,9.5132409,3224,"C.A.L. RIVOLTA D'ADDA",715,TRUE,1,1
"CEDAM MEDICAL CENTER BRESSO","ATS DELLA CITTA' METROPOLITANA DI MILANO","ASST NORD MILANO","BRESSO","MI",45.54414,9.18859,1669,"CEDAM MEDICAL CENTER BRESSO",716,TRUE,1,1
"CENTRO MEDICINA SPORTIVA S.DONATO","ATS DELLA CITTA' METROPOLITANA DI MILANO","ASST MELEGNANO E DELLA MARTESANA","SAN DONATO MILANESE","MI",45.42036,9.26225,101,"CENTRO MEDICINA SPORTIVA S.DONATO",718,TRUE,1,1
"PRESIDIO DEL VERBANO (OSP LUINI CONFALONIERI) LUINO-EMODIALISI-1-CAL-1 (C.A.L. LUINO)","ATS DELL'INSUBRIA","ASST DEI SETTE LAGHI","LUINO","VA",45.9973738,8.7462549,2912,"C.A.L. LUINO",720,TRUE,1,1
"OSPEDALE DI LENO (STAB DEL PO DI MANERBIO)-POLIAMBULATORIO DI MEDICINA SPORTIVA-1-AMBULATORIO DI MEDICINA SPORTIVA-1 (AMBULATORIO MEDICINA DELLO SPORT)","ATS DI BRESCIA","ASST DEL GARDA","LENO","BS",45.36551,10.21723,2776,"AMBULATORIO MEDICINA DELLO SPORT",721,TRUE,1,1
"AMBULATORIO MEDICO DI RADIODIAGNOSTICA E TERAPIA FISICA S.R.L.","ATS DI PAVIA","ASST DI PAVIA","VIGEVANO","PV",45.31985,8.84967,1024,"AMBULATORIO MEDICO DI RADIODIAGNOSTICA E TERAPIA FISICA S.R.L.",725,TRUE,1,1
"OSPEDALE SAN LEOPOLDO MANDIC  MERATE-EMODIALISI-1-CAL-1 (C.A.L. - MERATE)","ATS DELLA BRIANZA","ASST DI LECCO","MERATE","LC",45.6968439,9.42706712,3283,"C.A.L. - MERATE",726,TRUE,1,1
"C.A.L. - OGGIONO","ATS DELLA BRIANZA","ASST DI LECCO","OGGIONO","LC",45.79038,9.33795,127,"C.A.L. - OGGIONO",727,TRUE,1,1
"OSPEDALE DI LENO (STAB DEL PO DI MANERBIO)-MEDICINA GENERALE-1-AMBULATORIO PRINCIPALE-1 (CENTRO DIABETICO PONTEVICO)","ATS DI BRESCIA","ASST DEL GARDA","PONTEVICO","BS",45.27445,10.09022,2769,"CENTRO DIABETICO PONTEVICO",729,TRUE,1,1
"PRESIDIO OSPEDALIERO OGLIO PO-EMODIALISI-1-CAL-1 (CAL OSP.OGLIO PO)","ATS DELLA VAL PADANA","ASST DI CREMONA","CASALMAGGIORE","CR",44.97422,10.45989,2780,"CAL OSP.OGLIO PO",733,TRUE,1,1
"OSPEDALE  UMBERTO I°  BELLANO-EMODIALISI-4-CAL-1 (C.A.L. - BELLANO)","ATS DELLA BRIANZA","ASST DI LECCO","BELLANO","LC",46.0482531,9.3068703,3286,"C.A.L. - BELLANO",734,TRUE,1,1
"OSPEDALE TREVIGLIO CARAVAGGIO-NEFROLOGIA-1-CAL-1 (CENTRO DIALISI AD ASSISTENZA LIMITATA)","ATS DI BERGAMO","ASST DI BERGAMO OVEST","ROMANO DI LOMBARDIA","BG",45.51968,9.7518,3646,"CENTRO DIALISI AD ASSISTENZA LIMITATA",735,TRUE,1,1
"MEDICAL FITNESS CHIARI","ATS DI BRESCIA","ASST DELLA FRANCIACORTA","CHIARI","BS",45.5413,9.94223,902,"MEDICAL FITNESS CHIARI",736,TRUE,1,1
"OSPEDALE DI VALLE CAMONICA - STABILIMENTO DI ESINE-NEFROLOGIA-1-CAL-1 (CAL DARFO BOARIO TERME)","ATS DELLA MONTAGNA","ASST DELLA VALCAMONICA","DARFO BOARIO TERME","BS",45.8792446,10.1810511,3274,"CAL DARFO BOARIO TERME",738,TRUE,1,1
"PRESIDIO DEL VERBANO (OSP CAUSA PIA LUVINI) CITTIGLIO-EMODIALISI-1-CAL-1 (C.A.L. CITTIGLIO)","ATS DELL'INSUBRIA","ASST DEI SETTE LAGHI","CITTIGLIO","VA",45.89456,8.66754,2908,"C.A.L. CITTIGLIO",740,TRUE,1,1
"STABILIMENTO OSPEDALIERO DI  CUGGIONO-EMODIALISI-1-CAL-1 (C.A.L. CUGGIONO)","ATS DELLA CITTA' METROPOLITANA DI MILANO","ASST OVEST MILANESE","CUGGIONO","MI",45.5097615,8.821516,2527,"C.A.L. CUGGIONO",742,TRUE,1,1
"CENTRO FISIOTERAPICO VALSASSINESE DI CAUCIA E C.SAS","ATS DELLA BRIANZA","ASST DI LECCO","INTROBIO","LC",45.9758,9.44838,845,"CENTRO FISIOTERAPICO VALSASSINESE",743,TRUE,1,1
"OSPEDALE PAPA GIOVANNI XXIII-NEFROLOGIA (ABILITAZIONE TRAPIANTO RENE)-1-CAL-3 (C.A.L. SAN GIOVANNI BIANCO)","ATS DI BERGAMO","ASST PAPA GIOVANNI XXIII","SAN GIOVANNI BIANCO","BG",45.87109345,9.65391739,3577,"C.A.L. SAN GIOVANNI BIANCO",744,TRUE,1,1
"VIBIMEDICA SRL","ATS DELLA CITTA' METROPOLITANA DI MILANO","ASST NORD MILANO","BRESSO","MI",45.54206,9.18877,619,"VIBIMEDICA",745,TRUE,1,1
"OSPEDALE DI SUZZARA SPA-EMODIALISI-1-CAL-1 (EMODIALISI - CENTRO ASSISTENZA LIMITATA)","ATS DELLA VAL PADANA","ASST DI MANTOVA","SUZZARA","MN",44.9867852,10.7521243,3399,"EMODIALISI - CENTRO ASSISTENZA LIMITATA",746,TRUE,1,1
"OSPEDALE DI LENO (STAB DEL PO DI MANERBIO)-PSICHIATRIA-1-CPS-1 (CPS LENO)","ATS DI BRESCIA","ASST DEL GARDA","LENO","BS",45.366,10.21741,2774,"CPS LENO",749,TRUE,1,1
"OSPEDALE ERBA - RENALDI DI MENAGGIO-EMODIALISI-1-CAL-1 (CAL DI MENAGGIO)","ATS DELL'INSUBRIA","ASST LARIANA","MENAGGIO","CO",46.0185038,9.2256073,3193,"CAL DI MENAGGIO",751,TRUE,1,1
"OSPEDALE PAPA GIOVANNI XXIII-NEFROLOGIA (ABILITAZIONE TRAPIANTO RENE)-1-CAL-2 (C.A.L. VIA BORGO PALAZZO)","ATS DI BERGAMO","ASST PAPA GIOVANNI XXIII","BERGAMO","BG",45.69250853,9.6961145,3572,"C.A.L. VIA BORGO PALAZZO",752,TRUE,1,1
"OSPEDALE PAPA GIOVANNI XXIII-PSICHIATRIA-2-AMBULATORIO PRINCIPALE-2 (AMB DISTURBI ANSIOSI DEPRES)","ATS DI BERGAMO","ASST PAPA GIOVANNI XXIII","BERGAMO","BG",45.6957,9.66244,3641,"AMB DISTURBI ANSIOSI DEPRES",753,TRUE,1,1
"POLIAMBULATORIO - MANDELLO-POLIAMBULATORIO-1-AMBULATORIO PRINCIPALE-1 (AMB. PSICHIATRIA - MANDELLO)","ATS DELLA BRIANZA","ASST DI LECCO","MANDELLO DEL LARIO","LC",45.9180649,9.3225857,3347,"AMB. PSICHIATRIA - MANDELLO",754,TRUE,1,1
"AMB. PSICHIATRIA - OSTIGLIA","ATS DELLA VAL PADANA","ASST DI MANTOVA","OSTIGLIA","MN",45.0659324,11.1349743,182,"AMB. PSICHIATRIA - OSTIGLIA",755,TRUE,1,1
